Financial Year,Date,Transaction ID,Supplier,Amount,Description,Category,Category Confidence,Deduction Type,Claimable Amount,Fully Deductible,R&D Candidate,R&D Confidence,R&D Reasoning,FBT Risk,Div7A Risk,Requires Documentation,Compliance Notes
FY2024-25,2024-08-27,d72bac90-506d-4174-b258-4e0fe474fe63,Pipedrive OU,128.79,,Software,75,Section 8-1 ITAA 1997 - general deduction,128.79,Yes,No,60,The transaction description 'from Pipedrive OU' does not contain any evidence of R&D activities as defined in Division 355 of ITAA 1997. There is no i,No,No,Yes,Maintain invoice as evidence of expense. s 8-1 ITAA 1997 allows a deduction for expenses incurred in gaining or producing assessable income or necessarily incurred in carrying on a business for that p
FY2024-25,2024-08-27,556b94e6-d1a6-4b86-acb6-bc3f4c75a6cf,COMMOUNTAIN VIE USA,299.99,,Software,70,Section 8-1 ITAA 1997 - general deduction,299.99,Yes,No,50,The transaction description 'from COMMOUNTAIN VIE USA' does not provide sufficient evidence to suggest that the expense relates to core or supporting ,No,No,Yes,
FY2024-25,2024-07-01,cbf2e258-1ca6-4d1e-b99e-76b9753b2ee5,,3000,Bank Transfer to Westpac AU 034130305246.,Unknown,50,Unknown,0,No,No,20,The transaction description 'Bank Transfer to Westpac AU 034130305246' provides no information to suggest that it relates to R&D activities. There is ,No,No,Yes,Requires documentation to determine the nature of the expense and its deductibility under s 8-1 ITAA 1997.
FY2024-25,2024-07-10,736ba5af-78b6-4656-b9b9-d6bc47beb53d,Mailchimp,29.87,,Marketing,90,Section 8-1 ITAA 1997 - general deduction,29.87,Yes,No,95,The transaction relates to a Mailchimp subscription. There is no indication of R&D activity based on the provided information. Mailchimp is a marketin,No,No,Yes,Deductible under s 8-1 ITAA 1997 as it is incurred in gaining or producing assessable income. Substantiation is required to support the deduction.
FY2024-25,2024-07-12,fb90781b-3564-4207-ab07-7d338f60ef73,ATO,425,,Tax,95,Section 8-1 ITAA 1997,425,Yes,No,90,"The transaction description 'from ATO' does not provide any evidence of R&D activities. There is no indication of technical uncertainty, systematic in",No,No,Yes,
FY2024-25,2024-07-19,56606bae-6721-447c-bd7c-dece5f31d11a,Xero,95,,Software,95,Section 8-1 ITAA 1997 - general deduction,95,Yes,No,60,The transaction description 'from Xero' and the line item description '' do not provide any evidence of R&D activities. There is no indication of tech,No,No,Yes,
FY2024-25,2024-07-22,1042397a-f533-4115-a919-0a9ab321e53c,Zoom,24.63,,Software,95,Section 8-1 ITAA 1997 - general deduction,24.63,Yes,No,90,"The transaction description 'from Zoom' does not contain any evidence of technical uncertainty, systematic investigation, generation of new knowledge,",No,No,Yes,s 8-1 ITAA 1997 - general deduction: The expense 'from Zoom' is deductible to the extent that it was incurred in gaining or producing assessable income or was necessarily incurred in carrying on a bus
FY2024-25,2024-07-29,51a827fb-c0ec-4066-af1a-dc66ce8966e7,LEARNINGSTUDIOAI.COM,61.49,,Software,75,Section 8-1 ITAA 1997 - general deduction,61.49,Yes,No,60,The transaction description 'from LEARNINGSTUDIOAI.COM' does not provide sufficient evidence to suggest that the expense relates to core or supporting,No,No,Yes,Must relate to current income-earning activity
FY2024-25,2024-08-19,17902079-63fd-400d-95a4-3dac10194b11,Xero,95,,Software,90,Section 8-1 ITAA 1997 - general deduction,95,Yes,No,95,The transaction description 'from Xero' and the line item description '' do not provide any evidence of R&D activities as defined in Division 355 of t,No,No,Yes,
FY2024-25,2024-08-23,42ffcf4d-6d9a-4714-ba22-6c37e60e0b7f,ChatGPT,33.66,,Software,75,Section 8-1 ITAA 1997 - general deduction,33.66,Yes,No,60,"The transaction description 'from ChatGPT' lacks specific evidence of technical uncertainty, systematic investigation, generation of new knowledge, or",No,No,Yes,
FY2024-25,2024-08-29,eec47222-8e24-4514-b353-c7549addf631,Ispwich Chamber of Commerce,400,,Professional Services,85,Section 8-1 ITAA 1997 - general deduction,400,Yes,No,95,Membership fees paid to a Chamber of Commerce do not constitute R&D activities as defined under Division 355 of the ITAA 1997. There is no indication ,No,No,Yes,Deductible under s 8-1 ITAA 1997 if the expense was necessarily incurred in carrying on a business for the purpose of gaining or producing assessable income. The description 'from Ispwich Chamber of C
FY2024-25,2024-09-02,2e33aa31-ae7d-41e5-a295-f2e6d959b853,Westpac,10,,Financial Services,90,Section 8-1 ITAA 1997 - general deduction,10,Yes,No,100,"The transaction description 'from Westpac' does not contain any information suggesting R&D activities. Therefore, it does not meet the criteria for Di",No,No,Yes,
FY2024-25,2024-08-30,379d516b-670c-4703-ad8d-0c70d593518e,Westpac,0.01,,Financial Services,95,Section 8-1 ITAA 1997 - general deduction,0.01,Yes,No,90,The transaction description 'from Westpac' and the line item description '' do not contain any information suggesting R&D activities. There is no indi,No,No,Yes,
FY2024-25,2024-07-08,4ca60ded-0d36-44a8-89dd-1bee61ae3e24,My AI Drive,228.72,,Software,70,Section 8-1 ITAA 1997 - general deduction,228.72,Yes,No,60,The transaction description 'from My AI Drive' does not provide sufficient evidence to suggest that the expense relates to core or supporting R&D acti,No,No,Yes,
FY2024-25,2024-08-26,7514312b-e366-4376-9f7b-76e78cd0c813,Cursor,30.75,,Software,70,Section 8-1,30.75,Yes,No,50,The transaction description 'from Cursor' does not provide sufficient evidence to suggest that the expense relates to R&D activities as defined under ,No,No,Yes,
FY2024-25,2024-09-16,182c2776-6df4-45a2-96f1-07bee71dc5b4,Jasper A1 Rollingwood,75.43,,Unknown,50,Section 8-1 ITAA 1997 - general deduction,75.43,Yes,No,5,The transaction description 'from Jasper A1 Rollingwood' does not provide any information to suggest that it is related to R&D activities. There is no,No,No,Yes,Need receipt to verify nature of expense and confirm deductibility under s 8-1 ITAA 1997. The expense must be incurred in gaining or producing assessable income or necessarily incurred in carrying on 
FY2024-25,2024-09-16,7c744feb-7f47-42e2-9f8a-28746ae3027a,NITROPACKMIAMIUS,323.31,,Software,60,Section 8-1 ITAA 1997 - general deduction,323.31,Yes,No,50,"The transaction description 'from NITROPACKMIAMIUS' does not provide any evidence of R&D activities. There is no indication of technical uncertainty, ",No,No,Yes,
FY2024-25,2024-09-20,0063c83d-e878-4139-93bf-f54699ca86a3,Zoom,24.63,,Software,95,Section 8-1 ITAA 1997 - general deduction,24.63,Yes,No,90,The transaction description 'from Zoom' does not provide any evidence of R&D activities. It appears to be a standard software subscription for communi,No,No,Yes,"Deductible under s 8-1 ITAA 1997 as it is incurred in gaining or producing assessable income and is not capital, private or domestic in nature. Receipt required for substantiation."
FY2024-25,2024-08-13,e968dbde-2c8c-42f2-99f9-7fb08a03cd8e,Machined Abu Dhabiare,76.89,,Unknown,50,Section 8-1,76.89,Yes,No,50,The transaction description 'from Machined Abu Dhabiare' does not provide sufficient information to determine if it qualifies as R&D under Division 35,No,No,Yes,
FY2024-25,2024-09-13,781d82a2-85f3-43ed-8f65-8e804e1ec107,Stripe,4.98,Transaction fees for ch_3PyNtBEW7GmamFom1oMjXNb7,Professional Services,95,Section 8-1 ITAA 1997 - general deduction,4.98,Yes,No,95,The transaction relates to standard transaction fees charged by Stripe. There is no indication of R&D activity based on the transaction description. T,No,No,Yes,Receipt required to substantiate the expense. s 8-1 ITAA 1997 allows a deduction for expenses incurred in gaining or producing assessable income.
FY2024-25,2024-07-31,31eee326-de3f-4dc9-a52b-40c5894b72c6,Bubble,50.5,,Software,70,Section 8-1 ITAA 1997 - general deduction,50.5,Yes,No,50,The transaction description 'from Bubble' does not provide sufficient evidence to suggest that the expense relates to R&D activities as defined in Div,No,No,Yes,
FY2024-25,2024-09-02,84ce8d74-7c00-4751-826d-f33d819eb4d4,Bubble,48.79,,Software,80,Section 8-1 ITAA 1997 - general deduction,48.79,Yes,No,60,The transaction description 'from Bubble' does not provide sufficient evidence to suggest that the expense relates to core or supporting R&D activitie,No,No,Yes,
FY2024-25,2024-08-06,55863417-666e-45f7-80f8-5eadc427922f,Synthesia,48.52,,Software,80,Section 8-1 ITAA 1997 - general deduction,48.52,Yes,No,60,The transaction description 'from Synthesia' does not provide sufficient evidence to suggest that this purchase relates to core or supporting R&D acti,No,No,Yes,
FY2023-24,2023-07-10,0a8e2398-bd6a-48a4-9928-833eca4b455c,Mailchimp,31.13,,Marketing,95,s 8-1 ITAA 1997 - general deduction,31.13,Yes,No,90,The transaction description 'from Mailchimp' indicates a subscription to a marketing automation platform. This is a standard business expense and does,No,No,Yes,Maintain invoice as proof of expense for substantiation purposes.
FY2023-24,2023-07-20,f028dfdc-9c5a-4258-8e62-2e15552fb43b,,5000,Bank Transfer to Westpac AU 034130305246.,Unclassified,50,s 8-1 ITAA 1997 - general deduction,0,No,No,5,The transaction description 'Bank Transfer to Westpac AU 034130305246' provides no information to suggest that this payment relates to any R&D activit,No,No,Yes,"Requires documentation to determine the nature of the expense. Without knowing the supplier or the purpose of the bank transfer, it is impossible to assess deductibility or compliance implications."
FY2023-24,2023-07-18,2f82287e-f297-4838-bdeb-ee8a91f69afa,Upwork,144,Visual video for CARSI,Marketing,85,Section 8-1 ITAA 1997 - general deduction,144,Yes,No,95,"The transaction description 'Visual video for CARSI' does not contain any evidence of technical uncertainty, systematic investigation, generation of n",No,No,Yes,Receipt required to substantiate the expense. s 8-1 ITAA 1997 allows a deduction for expenses incurred in gaining or producing assessable income.
FY2023-24,2023-07-20,3330deca-c5e3-45a3-9beb-afc9ae30f569,Zoom,24.63,,Software,95,Section 8-1 ITAA 1997 - general deduction,24.63,Yes,No,90,The transaction description 'from Zoom' does not provide any evidence of R&D activities as defined in Division 355 of the ITAA 1997. There is no indic,No,No,Yes,Receipt required to substantiate the expense. s 8-1 ITAA 1997 allows a deduction for expenses incurred in gaining or producing assessable income.
FY2023-24,2023-08-01,6a5ead53-70d2-42d2-a589-b03416cecc1f,Westpac,10,,Financial Services,90,Section 8-1 ITAA 1997 - general deduction,10,Yes,No,95,The transaction description 'from Westpac' does not contain any information to suggest that it is related to R&D activities. There is no evidence of t,No,No,Yes,
FY2023-24,2023-08-10,6f80c9cc-ffa9-4086-8f02-9a59175f8dfd,ASIC,290,,Regulatory Fees,95,Section 8-1 ITAA 1997 - general deduction,290,Yes,No,90,"The transaction relates to a payment to ASIC. There is no indication of R&D activity based on the provided information. Therefore, it does not meet th",No,No,Yes,Retain receipt from ASIC as evidence of the expense.; s 8-1 ITAA 1997 allows a deduction for losses and outgoings to the extent they are incurred in gaining or producing assessable income or are neces
FY2023-24,2023-08-22,4c33fd9b-77de-423c-937d-9e97a49cec71,Upwork,554.45,Visual video for CARSI,Marketing,90,Section 8-1 ITAA 1997 - general deduction,554.45,Yes,No,95,"The transaction description 'Visual video for CARSI' does not contain any evidence of technical uncertainty, systematic investigation, generation of n",No,No,Yes,Ensure invoice from Upwork is retained as evidence of the expense. s 8-1 ITAA 1997 allows a deduction for expenses incurred in gaining or producing assessable income.
FY2023-24,2023-08-31,fa47ae04-b2ab-4abb-96f3-75a1da92fe2e,Go Daddy,119.88,,Software,85,Section 8-1 ITAA 1997 - general deduction,119.88,Yes,No,95,The transaction description 'from Go Daddy' does not provide any evidence of R&D activities as defined under Division 355 of ITAA 1997. It appears to ,No,No,Yes,Requires receipt from Go Daddy to substantiate the expense. s 8-1 ITAA 1997 - general deduction allows a deduction for expenses incurred in gaining or producing assessable income or necessarily incurr
FY2023-24,2023-08-21,a6d04cd0-38b8-4a02-9d29-c865a415c812,Xero Australia Pty Ltd,81,,Software,90,Section 8-1 ITAA 1997 - general deduction,81,Yes,No,95,"The transaction description 'from Xero Australia Pty Ltd' does not contain any evidence of technical uncertainty, systematic investigation, generation",No,No,Yes,
FY2023-24,2023-07-18,e933b77e-c1d0-4070-9971-9707ea0f436e,Hostinger,79.36,,Software,95,Section 8-1 ITAA 1997 - general deduction,79.36,Yes,No,90,The transaction description 'from Hostinger' does not contain any evidence of R&D activities as defined under Division 355 of ITAA 1997. There is no i,No,No,Yes,Receipt required to substantiate the expense. s 8-1 ITAA 1997 allows a deduction for expenses incurred in gaining or producing assessable income.
FY2023-24,2023-08-18,6bc96478-bdb2-4f48-a375-0fc5f8c882d6,PLANNERVID,43.7,,Professional Services,60,Section 8-1 ITAA 1997 - general deduction,43.7,Yes,No,5,"The transaction description 'from PLANNERVID' does not provide any evidence of R&D activities. There is no indication of technical uncertainty, system",No,No,Yes,
FY2023-24,2023-09-18,d9fe3052-fceb-4dfa-83f7-a9656ed2d3f6,,2000,Bank Transfer from Westpac AU 034130305254.,Unknown,50,s 8-1 ITAA 1997 - general deduction,0,No,No,5,The transaction description 'Bank Transfer from Westpac AU 034130305254' provides no information to suggest that it relates to R&D activities. There i,No,No,Yes,Requires further information to determine the nature of the expense and its deductibility. Need to identify the supplier and the purpose of the bank transfer.
FY2023-24,2023-09-15,6b25e9f2-f349-4c72-a444-e1b6b8b5ce30,Jasper A1 Rollingwood,79.11,,Unknown,50,Section 8-1 ITAA 1997 - general deduction,79.11,Yes,No,50,The transaction description 'from Jasper A1 Rollingwood' does not provide any information to suggest that it is related to R&D activities as defined u,No,No,Yes,
FY2023-24,2023-09-19,98861197-708b-4223-8798-6ccc7c7465f5,Upwork,546.7,Visual video for CARSI,Marketing,85,Section 8-1 ITAA 1997 - general deduction,546.7,Yes,No,95,"The transaction description 'Visual video for CARSI' does not contain any evidence of technical uncertainty, systematic investigation, generation of n",No,No,Yes,Receipt from Upwork required to substantiate the expense. s 8-1 ITAA 1997 allows a deduction for losses and outgoings to the extent they are incurred in gaining or producing assessable income or are n
FY2023-24,2023-09-21,373e85cf-a8e1-4f0e-a83f-1555c97afa4c,Rydges,399.91,,Travel,90,Section 8-1,399.91,Yes,No,50,"The transaction description 'from Rydges' does not contain any information suggesting R&D activities. There is no indication of technical uncertainty,",No,No,Yes,
FY2023-24,2023-09-21,94408024-d5e7-4906-adf6-b49782a5b2d9,Wework,38.5,Spare Office,Rent,95,Section 8-1 ITAA 1997 - general deduction,38.5,Yes,No,95,"The transaction relates to renting a 'Spare Office' from Wework. There is no indication of R&D activity, technical uncertainty, or systematic investig",No,No,Yes,Deductible under s 8-1 ITAA 1997 as it is incurred in gaining or producing assessable income. Requires receipt from Wework as evidence of the expense.
FY2023-24,2023-09-27,db82220a-61f5-41b2-9212-563da762c64b,Fiverr,21.35,,Professional Services,70,Section 8-1 ITAA 1997 - general deduction,21.35,Yes,No,60,"The transaction description 'from Fiverr' lacks specific details indicating R&D activities. There is no evidence of technical uncertainty, systematic ",No,No,Yes,
FY2023-24,2023-10-02,40279817-e190-495d-8bf2-de1a364d3aee,Westpac,10,,Financial Services,90,Section 8-1 ITAA 1997 - general deduction,10,Yes,No,10,The transaction description 'from Westpac' does not contain any information to suggest that it is related to R&D activities. There is no evidence of t,No,No,Yes,Requires receipt from Westpac to verify the nature of the expense. s 8-1 ITAA 1997 allows a deduction for expenses incurred in gaining or producing assessable income.
FY2023-24,2023-10-09,50ce609e-d700-4b04-b75c-879d79ab3d79,Fiverr,73.69,,Professional Services,70,Section 8-1 ITAA 1997 - general deduction,73.69,Yes,No,50,"The transaction description 'from Fiverr' lacks specific details indicating R&D activity. There is no evidence of technical uncertainty, systematic in",No,No,Yes,
FY2023-24,2023-10-10,24b67cf9-7dc8-4052-9629-27db1153c46d,Mailchimp,32.63,,Marketing,95,Section 8-1 ITAA 1997 - general deduction,32.63,Yes,No,90,The transaction description 'from Mailchimp' does not provide any evidence of R&D activities as defined in Division 355 of the ITAA 1997. Mailchimp is,No,No,Yes,Deductible under s 8-1 ITAA 1997 if the expense was necessarily incurred in carrying on a business for the purpose of gaining or producing assessable income. The description 'from Mailchimp' suggests 
FY2023-24,2023-10-31,6fbaee65-4bbc-46d6-be8c-9d945fc26421,Westpac,0.04,,Financial Services,95,Section 8-1 ITAA 1997 - general deduction,0.04,Yes,No,95,The transaction description 'from Westpac' does not contain any information suggesting R&D activities. There is no indication of technical uncertainty,No,No,Yes,
FY2023-24,2023-09-22,826b0a81-2465-4b45-a8b3-cf0d2973d964,Semrush,209.67,,Marketing,85,Section 8-1 ITAA 1997 - general deduction,209.67,Yes,No,95,Semrush is a marketing and SEO tool. The transaction description does not contain any evidence of R&D activities as defined in Division 355 of ITAA 19,No,No,Yes,Receipt required to substantiate the expense. s 8-1 ITAA 1997 allows a deduction for expenses incurred in gaining or producing assessable income.
FY2023-24,2023-07-20,083375f3-d5b6-46b4-9ba0-5d0f6e4d2c3c,Mario Conde,5000,,Professional Services,60,Section 8-1 ITAA 1997 - general deduction,5000,Yes,No,5,"The transaction description 'from Mario Conde' provides no indication of R&D activities. There is no evidence of technical uncertainty, systematic inv",No,No,Yes,
FY2023-24,2023-10-02,8fd3df64-77a1-4cef-9bae-6c5a1e778501,INvideo Innovation,924.9,,Software,70,Section 8-1 ITAA 1997 - general deduction,924.9,Yes,No,50,The transaction description 'from INvideo Innovation' does not provide sufficient evidence to suggest that the expense relates to core or supporting R,No,No,Yes,
FY2023-24,2023-09-27,4f7f4845-2f09-4e02-8ea5-dd2079bf276a,Belrose,81,,Unknown,50,Section 8-1,81,Yes,No,50,The transaction description 'from Belrose' does not provide any information to suggest that it is related to R&D activities. There is no mention of te,No,No,Yes,
FY2023-24,2023-09-29,8d758d98-6f9c-4e55-8900-dabf9e491d07,,1200,Bank Transfer from Westpac AU 034130305254.,Unknown,50,Unknown,0,No,No,5,The transaction description 'Bank Transfer from Westpac AU 034130305254' provides no information to suggest that this payment relates to any R&D activ,No,No,Yes,Requires documentation to determine the nature of the expense and its deductibility under s 8-1 ITAA 1997.
FY2023-24,2023-08-31,21420f92-7a28-437c-9f74-cbdf9ef2ff8b,,2000,Bank Transfer from Westpac AU 034130305254.,Unknown,50,Unknown,0,No,No,5,The transaction description 'Bank Transfer from Westpac AU 034130305254' provides no information to suggest that it relates to R&D activities. There i,No,No,Yes,Requires documentation to determine the nature of the expense and its deductibility under s 8-1 ITAA 1997.
FY2023-24,2023-11-30,25731f3f-5a30-4b9d-be5d-51128fef1824,Westpac,0.07,,Financial Services,95,Section 8-1 ITAA 1997 - general deduction,0.07,Yes,No,90,The transaction description 'from Westpac' and the amount of $0.07 do not provide any indication of R&D activities. There is no evidence of technical ,No,No,Yes,
FY2023-24,2023-10-25,f6c4ee2c-94ec-41fc-bda1-fd79db4ab3fd,Vistaprint,95.72,Business cards,Marketing,95,Section 8-1 ITAA 1997 - general deduction,95.72,Yes,No,95,The transaction relates to the purchase of 'Business cards' from Vistaprint. There is no indication of R&D activity as defined under Division 355 of t,No,No,Yes,
FY2023-24,2023-08-22,38650a81-be94-44b9-b89e-1ed9d2254515,Jim's Bookkeeping Maryborough,97.5,Monthly account keeping - July,Professional Services,95,Section 8-1 ITAA 1997 - general deduction,97.5,Yes,No,95,The transaction relates to 'Monthly account keeping'. This is a routine business activity and does not involve any R&D activities as defined under Div,No,No,Yes,Ensure invoice and payment records are retained as evidence of the expense. s 8-1 ITAA 1997 allows a deduction for expenses incurred in gaining or producing assessable income.
FY2023-24,2023-09-29,ff7ba6c9-ab99-4b8f-a0e6-8a6d696466f3,Unknown,5542.4,,Unknown,50,Section 8-1 ITAA 1997 - general deduction,0,No,No,5,The transaction description 'from Unknown' and the line item description '' do not provide any evidence of R&D activities as defined in Division 355 o,No,No,Yes,Insufficient information to determine deductibility. Requires detailed invoice or description to determine if the expense is deductible under s 8-1 ITAA 1997. Need to determine if the expense was nece
FY2024-25,2024-07-04,00d364df-c9a5-4995-be6d-56b80231cf98,Hostlinger,245.8,,Software,70,Section 8-1 ITAA 1997 - general deduction,245.8,Yes,No,60,The transaction description 'from Hostlinger' does not provide sufficient evidence to suggest that the expense relates to R&D activities as defined un,No,No,Yes,
FY2024-25,2024-07-22,41c749f3-677e-4c36-9a24-0ea53fe24325,Semrush,269.67,,Marketing,85,Section 8-1 ITAA 1997 - general deduction,269.67,Yes,No,95,Semrush is a marketing and SEO tool. The transaction description lacks any indication of R&D activities as defined under Division 355 of the ITAA 1997,No,No,Yes,Deductible under s 8-1 ITAA 1997 as it is incurred in gaining or producing assessable income. Receipt from Semrush required as documentation.
FY2024-25,2024-07-29,94c9e114-8d5b-403b-a6c3-b9b4c13b6f1a,Pipedrive OU,133.38,,Software,75,s 8-1 ITAA 1997 - general deduction,133.38,Yes,No,60,"Based on the transaction description 'from Pipedrive OU', there is no indication of R&D activity. Pipedrive is a CRM software, and the transaction lik",No,No,Yes,Requires receipt from Pipedrive OU to substantiate the expense. s 8-1 ITAA 1997 allows a deduction for expenses incurred in gaining or producing assessable income or necessarily incurred in carrying o
FY2024-25,2024-08-15,123ce770-a43c-4427-ac42-003636f87c6e,Jasper A1 Rollingwood,76.74,,Unknown,50,Section 8-1 ITAA 1997 - general deduction,76.74,Yes,No,50,The transaction description 'from Jasper A1 Rollingwood' does not contain any information to suggest that it is related to R&D activities. There is no,No,No,Yes,Need to determine the nature of the expense to confirm deductibility under s 8-1 ITAA 1997. The description 'from Jasper A1 Rollingwood' is insufficient.
FY2024-25,2024-08-21,4d8eb0fb-e18b-4f85-b348-0aa99a4556d2,Go Daddy,34.01,,Software,85,Section 8-1 ITAA 1997 - general deduction,34.01,Yes,No,95,"The transaction description 'from Go Daddy' does not contain any evidence of technical uncertainty, systematic investigation, generation of new knowle",No,No,Yes,
FY2024-25,2024-07-31,0c18f077-2d41-43fb-9fd0-8010348f9547,Westpac,0.03,,Financial Services,90,Section 8-1 ITAA 1997 - general deduction,0.03,Yes,No,95,The transaction description 'from Westpac' and the amount of $0.03 do not provide any indication of R&D activities. There is no evidence of technical ,No,No,Yes,
FY2024-25,2024-08-27,c615d061-ab39-4aba-a928-90de5b3fccab,Disaster Recovery,2500,,IT Services,85,Section 8-1 ITAA 1997 - general deduction,2500,Yes,No,95,"The transaction description 'Disaster Recovery' does not provide any evidence of technical uncertainty, systematic investigation, generation of new kn",No,No,Yes,Ensure invoice and payment records are retained as evidence of the expense. The expense is deductible under s 8-1 ITAA 1997 as it is incurred in gaining or producing assessable income or necessarily i
FY2024-25,2024-09-20,8c3ef14e-f340-42d2-afc7-53c0810e1750,Local Falcon,458.13,,Marketing,75,Section 8-1 ITAA 1997 - general deduction,458.13,Yes,No,60,The transaction description 'from Local Falcon' does not provide any evidence of R&D activities as defined under Division 355 of ITAA 1997. There is n,No,No,Yes,
FY2024-25,2024-07-01,f5d29c5b-9983-499d-a6de-877b372cec71,Bubble,49.81,,Software,85,Section 8-1,49.81,Yes,No,60,The transaction description 'from Bubble' does not provide sufficient evidence to suggest that the expense relates to core or supporting R&D activitie,No,No,Yes,
FY2024-25,2024-09-18,4070470b-f64c-415b-ab06-bed9fdfe6c6e,Goggle One,2.49,,Software,70,Section 8-1 ITAA 1997 - general deduction,2.49,Yes,No,60,"The transaction description 'from Goggle One' does not provide any evidence of technical uncertainty, systematic investigation, generation of new know",No,No,Yes,
FY2023-24,2023-07-19,f1b1f400-e387-4fb3-89fd-df1aa1ea75af,Xero Australia Pty Ltd,81,,Software,95,Section 8-1 ITAA 1997 - general deduction,81,Yes,No,90,"The transaction description 'from Xero Australia Pty Ltd' does not contain any evidence of technical uncertainty, systematic investigation, generation",No,No,Yes,
FY2023-24,2023-08-29,e9e3982d-ee5e-4145-a001-f5d1df37cbf6,Go Daddy,309.8,,Software,85,Section 8-1 ITAA 1997 - general deduction,309.8,Yes,No,95,The transaction description 'from Go Daddy' does not provide any evidence of R&D activities as defined in Division 355 of the ITAA 1997. There is no i,No,No,Yes,Receipt from Go Daddy required to substantiate the expense. s 8-1 ITAA 1997 allows a deduction for expenses incurred in gaining or producing assessable income or necessarily incurred in carrying on a 
FY2023-24,2023-09-04,9dcaeaa9-a27d-4b4d-b8bd-020cbc61aa1e,Descript,844.02,,Software,70,Section 8-1 ITAA 1997 - general deduction,844.02,Yes,No,60,"The transaction description 'from Descript' lacks specific details indicating technical uncertainty, systematic investigation, generation of new knowl",No,No,Yes,
FY2023-24,2023-09-18,81385eb4-3916-4c6d-9792-98bf2db491ef,,2000,Bank Transfer to Westpac AU 034130305246.,Financial Transaction,90,N/A,0,No,No,5,The transaction description 'Bank Transfer to Westpac AU 034130305246' does not contain any information to suggest that it is related to R&D activitie,No,No,Yes,Requires documentation to determine the nature of the expense and its deductibility under s 8-1 ITAA 1997. The description 'Bank Transfer to Westpac AU 034130305246' is insufficient to determine deduc
FY2023-24,2023-09-19,0c8e4940-132f-4c73-b542-e643e35dc807,Xero,90,,Software,85,Section 8-1 ITAA 1997 - general deduction,90,Yes,No,95,The transaction description 'from Xero' and the line item description '' do not provide any evidence of R&D activities. There is no indication of tech,No,No,Yes,Receipt from Xero required to substantiate the expense. s 8-1 ITAA 1997 - general deduction
FY2023-24,2023-09-21,b73d72d1-c255-4311-8e44-83714b594b21,Go Daddy,454.37,,Software,85,Section 8-1 ITAA 1997 - general deduction,454.37,Yes,No,95,"The transaction description 'from Go Daddy' does not contain any evidence of technical uncertainty, systematic investigation, generation of new knowle",No,No,Yes,
FY2024-25,2024-09-04,0016f37f-86e7-4957-af89-cd8481d97e70,Descript,805.21,,Software,70,Section 8-1 ITAA 1997 - general deduction,805.21,Yes,No,60,The transaction description 'from Descript' does not provide sufficient information to determine if the activity meets the criteria for R&D under Divi,No,No,Yes,
FY2024-25,2024-07-10,cdbb83a5-56fb-4f7e-b947-3c6bbe19607a,HARBORSEO.AI DEERPARK IND IRL,1.66,International purchase,Software,70,Section 8-1 ITAA 1997 - general deduction,1.66,Yes,No,60,The transaction description 'from HARBORSEO.AI DEERPARK IND IRL - International purchase' and 'International purchase' lacks specific details indicati,No,No,Yes,Requires receipt to substantiate the expense. s 8-1 ITAA 1997 allows a deduction for expenses incurred in gaining or producing assessable income or necessarily incurred in carrying on a business for t
FY2024-25,2024-09-13,55f25b5d-694e-4b79-af90-be37104fb0ae,Phil Woffle,4.98,INV-0023,Uncategorized,50,Section 8-1 ITAA 1997 - general deduction,4.98,Yes,No,5,The transaction description 'INV-0023' from 'Phil Woffle' does not contain any information to suggest that it is related to R&D activities. There is n,No,No,Yes,
FY2024-25,2024-07-01,3d71cd5a-8566-4ce4-a8c1-2a329f0f6a84,Bubble,49.81,,Software,80,Section 8-1,49.81,Yes,No,60,The transaction description 'from Bubble' does not provide sufficient evidence to suggest that the expense relates to core or supporting R&D activitie,No,No,Yes,
FY2024-25,2024-07-31,2780b2e7-ab5a-44e5-b7a7-b653a5639265,Bubble,50.5,,Software,70,Section 8-1 ITAA 1997 - general deduction,50.5,Yes,No,50,The transaction description 'from Bubble' does not provide sufficient evidence to suggest that the expense relates to core or supporting R&D activitie,No,No,Yes,
FY2024-25,2024-09-02,b22919d5-56da-4bf0-97f3-c7a752939135,Bubble,48.79,,Software,80,Section 8-1 ITAA 1997 - general deduction,48.79,Yes,No,60,The transaction description 'from Bubble' does not provide sufficient evidence to suggest that the expense relates to core or supporting R&D activitie,No,No,Yes,
FY2024-25,2024-09-10,f6712300-7559-4983-a495-2a8cd0041636,HARBORSEO.AI DEERPARK IND IRL,1129.68,International purchase,Professional Services,70,Section 8-1 ITAA 1997 - general deduction,1129.68,Yes,No,60,"The transaction description 'from HARBORSEO.AI DEERPARK IND IRL - International purchase' lacks specific details indicating technical uncertainty, sys",No,No,Yes,Requires invoice and proof of payment to substantiate the expense. s 8-1 ITAA 1997 - general deduction allows a deduction for losses and outgoings to the extent they are incurred in gaining or produci
FY2024-25,2024-07-08,70e3ce2b-4263-4ad1-a853-fc73e3bff6af,Synthesia,46.04,,Software,90,Section 8-1 ITAA 1997 - general deduction,46.04,Yes,No,60,The transaction description 'from Synthesia' does not provide any evidence of R&D activities as defined in Division 355 of the ITAA 1997. There is no ,No,No,Yes,
FY2024-25,2024-08-19,76b836f1-514b-4a63-839e-7c6290f424be,Goggle One,2.49,,Software,70,Section 8-1 ITAA 1997 - general deduction,2.49,Yes,No,50,The transaction description 'from Goggle One' does not provide any evidence of R&D activities as defined in Division 355 of ITAA 1997. There is no ind,No,No,Yes,
FY2023-24,2023-07-06,bd0bbbfc-cd9f-41ec-bee5-45e7ea36053f,Synthesia,46.43,,Software,80,Section 8-1 ITAA 1997 - general deduction,46.43,Yes,No,60,The transaction description 'from Synthesia' does not provide sufficient evidence to suggest that the expense relates to R&D activities as defined und,No,No,Yes,
FY2023-24,2023-07-17,da5ff307-14f0-4209-a28c-3e8515b182b0,Go Daddy,353.39,,Software,85,Section 8-1 ITAA 1997 - general deduction,353.39,Yes,No,95,The transaction description 'from Go Daddy' does not provide any evidence of R&D activities as defined under Division 355 of ITAA 1997. There is no in,No,No,Yes,Receipt required to substantiate the expense. s 8-1 ITAA 1997 allows a deduction for expenses incurred in gaining or producing assessable income or necessarily incurred in carrying on a business for t
FY2023-24,2023-07-24,04b9b6db-2604-42f3-92ed-fe72d261b07d,ChatGPT,33.71,Order number: sub_1MoRsWC6h1nxGoI3nysj9D1d ,Software,70,Section 8-1 ITAA 1997 - general deduction,33.71,Yes,No,50,The transaction description 'from ChatGPT - Order number: sub_1MoRsWC6h1nxGoI3nysj9D1d' does not provide sufficient evidence to suggest that the purch,No,No,Yes,
FY2023-24,2023-08-10,2479fbae-b8f8-4e3f-8d80-dc5ff531fdd9,Mailchimp,31.72,,Marketing,95,Section 8-1 ITAA 1997 - general deduction,31.72,Yes,No,95,The transaction description 'from Mailchimp' does not provide any evidence of R&D activities as defined in Division 355 of the ITAA 1997. It appears t,No,No,Yes,Requires receipt from Mailchimp to substantiate the expense. s 8-1 ITAA 1997 allows a deduction for expenses incurred in gaining or producing assessable income.
FY2023-24,2023-08-31,b638fbb0-1461-4135-bfb2-2ba322199101,,2000,Bank Transfer from Westpac AU 034130305254.,Unknown,50,Unknown,0,No,No,5,The transaction description 'Bank Transfer from Westpac AU 034130305254' provides no information to suggest that it is related to R&D activities. Ther,No,No,Yes,Requires documentation to determine the nature of the expense and its deductibility under s 8-1 ITAA 1997.
FY2023-24,2023-09-01,7030ada7-71a5-4a31-8ecf-9f7e8410c1bd,Westpac,10,,Financial Services,90,Section 8-1 ITAA 1997 - general deduction,10,Yes,No,95,The transaction description 'from Westpac' does not contain any information suggesting R&D activities. There is no indication of technical uncertainty,No,No,Yes,
FY2023-24,2023-09-06,c94633e3-986d-4c63-bcc1-55f51f51c089,Synthesia,48.61,,Software,75,Section 8-1 ITAA 1997 - general deduction,48.61,Yes,No,60,The transaction description 'from Synthesia' does not provide sufficient evidence to suggest that the expense relates to core or supporting R&D activi,No,No,Yes,Receipt required to substantiate the expense. s 8-1 ITAA 1997 allows a deduction for expenses incurred in gaining or producing assessable income.
FY2023-24,2023-08-07,3fa57df2-5e1b-4b29-a24b-fc3c671b7e17,Synthesia,47.24,,Software,80,Section 8-1 ITAA 1997 - general deduction,47.24,Yes,No,60,The transaction description 'from Synthesia' does not provide sufficient evidence to suggest that the expense relates to R&D activities as defined in ,No,No,Yes,
FY2023-24,2023-08-31,cd41b6fe-4755-4c5b-880c-de65d6f1e88f,,2000,Bank Transfer to Westpac AU 034130305246.,Unknown,50,Unknown,0,No,No,5,The transaction description 'Bank Transfer to Westpac AU 034130305246' does not contain any information to suggest that it is related to R&D activitie,No,No,Yes,Requires documentation to determine the nature of the expense and its deductibility under s 8-1 ITAA 1997.
FY2023-24,2023-09-18,ea65c9ee-76d3-4d03-9c5a-a585071f06e4,Google,0.62,,Software,70,Section 8-1 ITAA 1997 - general deduction,0.62,Yes,No,50,"The transaction description 'from Google' lacks specific details indicating R&D activity. There is no evidence of technical uncertainty, systematic in",No,No,Yes,
FY2023-24,2023-10-19,1e8d0892-83f6-4fa1-acac-741566e4b7b2,Westpac,22.88,,Financial Services,95,s 8-1 ITAA 1997 - general deduction,22.88,Yes,No,100,"The transaction description 'from Westpac' does not contain any evidence of technical uncertainty, systematic investigation, generation of new knowled",No,No,Yes,
FY2023-24,2023-09-25,c81482a4-f73a-496f-9c01-660e48143738,Fiverr,35.02,,Professional Services,70,Section 8-1 ITAA 1997 - general deduction,35.02,Yes,No,60,"The transaction description 'from Fiverr' lacks specific details indicating R&D activities. There is no evidence of technical uncertainty, systematic ",No,No,Yes,
FY2023-24,2023-10-10,4ead16e4-8fa4-4387-8ced-d54a31c4ce2c,Canva,164.99,,Software,85,Section 8-1 ITAA 1997 - general deduction,164.99,Yes,No,95,The transaction description 'from Canva' does not provide any evidence of R&D activities as defined under Division 355 of ITAA 1997. There is no indic,No,No,Yes,Deductible under s 8-1 ITAA 1997 if used in carrying on a business for the purpose of gaining or producing assessable income. Requires receipt as proof of purchase.
FY2023-24,2023-10-16,4050c9ee-a80e-4305-9df9-8c5a6805778f,Jasper A1 Rollingwood,80.3,,Unknown,50,Section 8-1 ITAA 1997 - general deduction,80.3,Yes,No,50,The transaction description 'from Jasper A1 Rollingwood' does not contain any information to suggest that it is related to R&D activities as defined i,No,No,Yes,
FY2023-24,2023-09-25,b7c70d64-8f5f-4d6c-8cbd-0b5f9909c040,Fiverr,38.46,,Professional Services,70,Section 8-1 ITAA 1997 - general deduction,38.46,Yes,No,50,The transaction description 'from Fiverr' lacks any indication of R&D activities as defined in Division 355 of ITAA 1997. There is no evidence of tech,No,No,Yes,
FY2023-24,2023-10-06,8489bd68-9b3d-44f2-bd7f-f552eeeaa2f1,Synthesia,48.92,,Software,80,Section 8-1 ITAA 1997 - general deduction,48.92,Yes,No,60,"The transaction description 'from Synthesia' does not provide any evidence of R&D activities. Synthesia is a platform for creating AI videos, and the ",No,No,Yes,
FY2023-24,2023-10-19,7d08007f-acec-458f-82ac-a706a0f6ee1e,Xero,90,,Software,95,Section 8-1 ITAA 1997 - general deduction,90,Yes,No,90,The transaction description 'from Xero' and the line item description '' do not provide any evidence of R&D activities as defined in Division 355 of t,No,No,Yes,
FY2023-24,2023-10-23,4ed5a2d9-8fa6-414f-94ea-af6bac52fadd,Disaster Recovery,10000,,IT Services,80,Section 8-1 ITAA 1997 - general deduction,10000,Yes,No,90,"The transaction description 'from Disaster Recovery' does not provide any evidence of technical uncertainty, systematic investigation, generation of n",No,No,Yes,Ensure invoice and payment records are retained as evidence of the expense. s 8-1 ITAA 1997 allows a deduction for expenses incurred in gaining or producing assessable income or necessarily incurred i
FY2023-24,2023-09-20,84cb42a3-cbae-41aa-bb28-fb3712a24058,Local Falcon,481.47,,Marketing,70,Section 8-1 ITAA 1997 - general deduction,481.47,Yes,No,60,The transaction description 'from Local Falcon' does not provide any evidence of R&D activities as defined under Division 355 of ITAA 1997. There is n,No,No,Yes,Requires receipt from Local Falcon to substantiate the expense. s 8-1 ITAA 1997 allows a deduction for expenses incurred in gaining or producing assessable income or necessarily incurred in carrying o
FY2023-24,2023-09-25,65584235-eb1e-4b24-b62a-aad17902aedb,PADDLE.NET,33.71,,Software,70,Section 8-1 ITAA 1997 - general deduction,33.71,Yes,No,60,The transaction description 'from PADDLE.NET' does not provide any evidence of R&D activities. It is likely a software subscription or purchase. Witho,No,No,Yes,
FY2023-24,2023-08-29,41f9410a-cec0-4d0a-8c85-27ce20b2f062,Ispwich Chamber of Commerce,342,,Professional Services,85,Section 8-1 ITAA 1997 - general deduction,342,Yes,No,95,The transaction relates to a payment to the Ipswich Chamber of Commerce. There is no indication of R&D activity based on the provided information. The,No,No,Yes,Requires receipt from Ispwich Chamber of Commerce to substantiate the expense. s 8-1 ITAA 1997 allows a deduction for expenses incurred in gaining or producing assessable income.
FY2023-24,2023-09-29,ce2f9306-04b9-4595-a998-8cf235b2a48e,,1200,Bank Transfer to Westpac Business One.,Financial Services,90,s 8-1 ITAA 1997 - general deduction,1200,Yes,No,5,The transaction description 'Bank Transfer to Westpac Business One' does not contain any information to suggest that it is related to R&D activities. ,No,No,Yes,Requires bank statements to verify the nature of the transaction. s 8-1 ITAA 1997 allows a deduction for expenses incurred in gaining or producing assessable income or necessarily incurred in carrying
FY2023-24,2023-08-31,75977746-0b01-4155-a740-cf3f9c22ec8d,,2000,Bank Transfer to CARSI.,Unknown,50,Section 8-1 ITAA 1997 - general deduction,0,No,No,5,The transaction description 'Bank Transfer to CARSI' provides no information to suggest that the payment relates to R&D activities as defined in Divis,No,No,Yes,Need to determine the nature of the payment to CARSI to assess deductibility under s 8-1 ITAA 1997. Obtain invoice or contract details.
FY2023-24,2023-10-02,2b0b58c1-af9a-4554-bb68-7ab24c413196,,2000,Bank Transfer to Westpac AU 034130305246.,Unknown,50,Unknown,0,No,No,5,The transaction description 'Bank Transfer to Westpac AU 034130305246' provides no information to suggest that this payment relates to any R&D activit,No,No,Yes,Requires documentation to determine the nature of the expense and its deductibility under s 8-1 ITAA 1997.
FY2023-24,2023-10-23,34714fd7-71eb-4372-be5d-8ba3f5a920ef,,3000,Bank Transfer from Westpac AU 034130305254.,Unknown,50,Unknown,0,No,No,5,The transaction description 'Bank Transfer from Westpac AU 034130305254' provides no information to suggest that this payment relates to any R&D activ,No,No,Yes,Requires documentation to determine the nature of the expense and its deductibility under s 8-1 ITAA 1997.
FY2023-24,2024-02-03,9feaa910-4bef-401d-bf87-e4d215f7528f,Jim's Bookkeeping Maryborough,65,Account keeping and BAS,Professional Services,95,Section 8-1 ITAA 1997 - general deduction,65,Yes,No,95,"The transaction relates to 'Account keeping and BAS', which are routine business activities and do not involve experimental activities to generate new",No,No,Yes,Receipt required to substantiate the expense.
FY2023-24,2023-09-29,c153f253-8b9f-464e-b287-4985bdc69b44,,1200,Bank Transfer to Westpac AU 034130305246.,Financial Services,70,Section 8-1 ITAA 1997 - general deduction,1200,Yes,No,50,The transaction description 'Bank Transfer to Westpac AU 034130305246' does not provide any information to suggest that it is related to R&D activitie,No,No,Yes,Requires documentation to determine the nature of the payment to Westpac and its deductibility under s 8-1 ITAA 1997. The description 'Bank Transfer to Westpac AU 034130305246' is insufficient to dete
FY2023-24,2023-10-20,87c38300-dab4-4d1b-9596-c5b4b614b22f,Zoom,24.63,,Software,95,Section 8-1 ITAA 1997 - general deduction,24.63,Yes,No,90,The transaction description 'from Zoom' does not provide any evidence of R&D activities as defined in Division 355 of the ITAA 1997. There is no indic,No,No,Yes,Receipt required to substantiate the expense. s 8-1 ITAA 1997 allows a deduction for expenses incurred in gaining or producing assessable income.
FY2023-24,2024-05-17,0dee757c-da61-4188-923d-de6c37d4c22c,Lori Mills,355,Introduction to Mould Identification and Remediation,Professional Development,95,Section 8-1 ITAA 1997 - general deduction,355,Yes,No,90,The transaction relates to training courses on mould identification and remediation and safety procedures. There is no indication of experimental acti,No,No,Yes,Training/self-education: Must relate to current income-earning activity
FY2024-25,2024-07-15,4c75809c-5ee6-4e51-b62d-15be0e622af7,Jasper A1 Rollingwood,74.75,,Unknown,50,Section 8-1 ITAA 1997 - general deduction,74.75,Yes,No,5,The transaction description 'from Jasper A1 Rollingwood' does not contain any information to suggest that it is related to R&D activities. There is no,No,No,Yes,Need to determine the nature of the expense to confirm deductibility under s 8-1 ITAA 1997. The description 'from Jasper A1 Rollingwood' is insufficient to determine deductibility.
FY2024-25,2024-07-01,7487ce23-0127-44ec-bcc2-8293fe84ac5c,Westpac,10,,Financial Services,95,Section 8-1 ITAA 1997 - general deduction,10,Yes,No,90,"The transaction description 'from Westpac' does not contain any information suggesting R&D activities. Therefore, it does not meet the criteria for Di",No,No,Yes,
FY2024-25,2024-09-18,c129d8e9-42ce-45c0-a1cc-8347f1e60228,PLANNERVID,41.31,,Software,60,Section 8-1 ITAA 1997 - general deduction,41.31,Yes,No,50,The transaction description 'from PLANNERVID' does not provide sufficient evidence to suggest that this expense relates to core or supporting R&D acti,No,No,Yes,
FY2024-25,2024-07-01,a82ca28c-01ba-4050-8f77-d6709ee432d6,,3000,Bank Transfer from Westpac AU 034130305254.,Unknown,50,Section 8-1,0,No,No,20,The transaction description 'Bank Transfer from Westpac AU 034130305254' provides no information to suggest that it relates to R&D activities. There i,No,No,Yes,Requires additional documentation to determine the nature of the expense and its deductibility under s 8-1 ITAA 1997.
FY2024-25,2024-08-01,1073ec33-9a25-4b9a-b31f-26cd6fda2cc1,Westpac,10,,Financial Services,95,Section 8-1 ITAA 1997 - general deduction,10,Yes,No,95,"The transaction description 'from Westpac' does not contain any information suggesting R&D activities. Therefore, it does not meet the criteria for Di",No,No,Yes,
FY2024-25,2024-08-05,ed2724a7-8715-4d66-8c60-e80c5d7edf6a,,1500,Bank Transfer from Westpac AU 034130305254.,Unknown,50,Section 8-1 ITAA 1997 - general deduction,0,No,No,50,The transaction description 'Bank Transfer from Westpac AU 034130305254' does not contain any information to suggest that it is related to R&D activit,No,No,Yes,"Requires documentation to determine the nature of the expense and its deductibility under s 8-1 ITAA 1997. Without knowing the supplier or purpose of the bank transfer, it is impossible to assess dedu"
FY2024-25,2024-08-19,d252d75f-30f9-46fe-8463-96466feb9818,PLANNERVID,42.09,,Software,70,Section 8-1 ITAA 1997 - general deduction,42.09,Yes,No,50,The transaction description 'from PLANNERVID' does not provide sufficient evidence to suggest that the expense relates to R&D activities as defined un,No,No,Yes,
FY2024-25,2024-08-20,81dbf23a-d1c5-40d3-a90c-0c13ebf5aa7c,Zoom,24.63,,Software,95,Section 8-1 ITAA 1997 - general deduction,24.63,Yes,No,90,The transaction description 'from Zoom' does not provide any evidence of R&D activities as defined in Division 355 of the ITAA 1997. There is no indic,No,No,Yes,Receipt required to substantiate the expense. s 8-1 ITAA 1997 allows a deduction for expenses incurred in gaining or producing assessable income.
FY2024-25,2024-08-22,8f2cb819-df25-48d9-ba77-34a8b071f22a,Semrush,268.5,,Marketing,90,Section 8-1 ITAA 1997 - general deduction,268.5,Yes,No,95,"Semrush is a marketing and SEO tool. The transaction description does not contain any evidence of technical uncertainty, systematic investigation, gen",No,No,Yes,Receipt required to substantiate the expense. s 8-1 ITAA 1997 allows a deduction for expenses incurred in gaining or producing assessable income or necessarily incurred in carrying on a business for t
FY2024-25,2024-08-22,42a7d3cf-8266-4bb2-9e82-833a5ec2cb8c,Go Daddy,147.15,,Software,85,Section 8-1 ITAA 1997 - general deduction,147.15,Yes,No,95,The transaction description 'from Go Daddy' does not provide any evidence of R&D activities as defined under Division 355 of the ITAA 1997. There is n,No,No,Yes,
FY2024-25,2024-08-28,f8cdb747-d6de-4560-a3c5-17c77b46cf18,LEARNINGSTUDIOAI.COM,59.42,,Software,70,Section 8-1 ITAA 1997 - general deduction,59.42,Yes,No,50,The transaction description 'from LEARNINGSTUDIOAI.COM' does not provide sufficient evidence to suggest that the expense relates to core or supporting,No,No,Yes,
FY2024-25,2024-08-05,2319f97f-6561-4a37-aafe-b537bed98b5f,,1500,Bank Transfer to Westpac AU 034130305246.,Financial Services,70,Section 8-1 ITAA 1997 - general deduction,1500,Yes,No,50,The transaction description 'Bank Transfer to Westpac AU 034130305246' does not contain any information to suggest that it is related to R&D activitie,No,No,Yes,Requires documentation to determine the nature of the bank transfer and its deductibility under s 8-1 ITAA 1997. The description 'Bank Transfer to Westpac AU 034130305246' is insufficient to determine
FY2024-25,2024-08-27,6f27857e-493c-4995-9b31-7b7dc17ccecb,,2000,Bank Transfer to Westpac AU 034130305246.,Unknown,50,s 8-1 ITAA 1997 - general deduction,0,No,No,5,The transaction description 'Bank Transfer to Westpac AU 034130305246' provides no information to suggest that it is related to R&D activities. There ,No,No,Yes,"Requires documentation to determine the nature of the expense and its deductibility. Without knowing the purpose of the bank transfer, it is impossible to assess its tax implications."
FY2024-25,2024-07-18,b37dae13-5fec-462b-9603-512b4d650192,PLANNERVID,41.38,,Professional Services,60,Section 8-1 ITAA 1997 - general deduction,41.38,Yes,No,5,The transaction description 'from PLANNERVID' does not contain any information to suggest that it is related to R&D activities. There is no mention of,No,No,Yes,
FY2024-25,2024-08-16,e5320529-3998-47d3-88d0-f6192e8f41d7,X Corp,263.42,,General Expenses,70,Section 8-1 ITAA 1997 - general deduction,263.42,Yes,No,50,The transaction description 'from X Corp' does not provide any information to suggest that the expense relates to R&D activities as defined in Divisio,No,No,Yes,
FY2024-25,2024-09-30,f2dd18cb-a09f-4dab-a9cf-874cfae81280,Westpac,0.01,,Bank Fees,95,Section 8-1 ITAA 1997 - general deduction,0.01,Yes,No,90,The transaction description 'from Westpac' does not contain any information suggesting R&D activities. There is no indication of technical uncertainty,No,No,Yes,
FY2024-25,2024-09-19,c4848e36-1f8e-486e-8dec-22b3b5dd704e,Xero,95,,Software,95,Section 8-1 ITAA 1997 - general deduction,95,Yes,No,95,"The transaction description 'from Xero' does not provide any evidence of R&D activities. It appears to be a standard software subscription. Therefore,",No,No,Yes,
FY2024-25,2024-10-01,0c5ec28a-dbee-4a35-b514-e09603b8736f,Westpac,10,,Financial Services,90,Section 8-1 ITAA 1997 - general deduction,10,Yes,No,100,The transaction description 'from Westpac' does not contain any information suggesting R&D activities. There is no indication of technical uncertainty,No,No,Yes,
FY2024-25,2024-09-10,a2684f88-bc57-44ca-8aa4-f7351907db69,HARBORSEO.AI DEERPARK IND IRL,330.64,International purchase,Professional Services,70,Section 8-1 ITAA 1997 - general deduction,330.64,Yes,No,60,The transaction description 'from HARBORSEO.AI DEERPARK IND IRL - International purchase' and 'International purchase' lacks specific details indicati,No,No,Yes,Requires invoice to substantiate the expense and its business purpose. s 8-1 ITAA 1997 allows a deduction for expenses incurred in gaining or producing assessable income or necessarily incurred in car
FY2024-25,2024-09-13,4fbaf380-2163-4938-9b19-60c9b974fcf5,Phil Wolffe - Armour IT Australia,279.98,Invoice 0023,Professional Services,85,Section 8-1 ITAA 1997 - general deduction,279.98,Yes,No,95,"The transaction description 'Invoice 0023' and 'Stripe Fee' do not contain any evidence of technical uncertainty, systematic investigation, generation",No,No,Yes,
FY2024-25,2024-09-13,0efd3ada-e06b-4c0e-956d-1e703e1b23fc,Phil Woffle,4.98,INV-0023,Uncategorized,50,Section 8-1 ITAA 1997 - general deduction,4.98,Yes,No,5,The transaction description 'INV-0023' from 'Phil Woffle' does not contain any information to suggest that it is related to R&D activities. There is n,No,No,Yes,
FY2024-25,2024-09-13,d7849de8-2e54-4d87-a0a7-49285ce7d39a,Phil Woffle,4.98,INV-0023,Uncategorized,50,Section 8-1 ITAA 1997 - general deduction,4.98,Yes,No,5,The transaction description 'INV-0023' from 'Phil Woffle' does not contain any information to suggest that it is related to R&D activities. There is n,No,No,Yes,
FY2024-25,2024-07-01,71f7c196-2ef3-4ba6-9a08-b9b2bd00a5a1,Bubble,49.81,,Software,80,Section 8-1 ITAA 1997 - general deduction,49.81,Yes,No,60,The transaction description 'from Bubble' does not provide sufficient evidence to suggest that the expense relates to core or supporting R&D activitie,No,No,Yes,
FY2024-25,2024-09-06,c0913941-e0b3-4bf3-88a4-cf92940a6821,Synthesia,46.05,,Software,90,Section 8-1 ITAA 1997 - general deduction,46.05,Yes,No,60,The transaction description 'from Synthesia' does not provide any evidence of R&D activities as defined under Division 355 of ITAA 1997. There is no i,No,No,Yes,Receipt required to substantiate the expense. s 8-1 ITAA 1997 allows a deduction for expenses incurred in gaining or producing assessable income or necessarily incurred in carrying on a business for t
FY2024-25,2024-07-18,1d386927-666e-4711-a656-dda6da0554d8,Goggle One,2.49,,Software,70,Section 8-1 ITAA 1997 - general deduction,2.49,Yes,No,50,"The transaction description 'from Goggle One' does not provide sufficient evidence of R&D activities. There is no indication of technical uncertainty,",No,No,Yes,
FY2024-25,2024-09-13,9d006167-fbc6-4705-b0e9-10a44be361fb,Phil Wolffe - Armour IT Australia,275,CARSI MEMBERSHIP - FOUNDATION - ISSUING TO ARMOUR IT AUSTRALIA,Professional Services,85,Section 8-1 ITAA 1997 - general deduction,275,Yes,No,60,"The transaction relates to a 'CARSI MEMBERSHIP - FOUNDATION'. There is no indication of technical uncertainty, systematic investigation, generation of",No,No,Yes,Ensure the membership is directly related to the business's income-producing activities to satisfy s 8-1 ITAA 1997.
FY2023-24,2023-07-31,eb00e731-5a0b-44dc-a369-020b09a1dc06,Westpac,24.84,,Financial Services,95,Section 8-1 ITAA 1997 - general deduction,24.84,Yes,No,95,The transaction description 'from Westpac' does not contain any information suggesting R&D activities. It appears to be a standard banking transaction,No,No,Yes,
FY2023-24,2023-08-31,01bc0111-e571-42fc-a8d3-f8a22261dcba,Westpac,20.63,,Financial Services,95,Section 8-1 ITAA 1997 - general deduction,20.63,Yes,No,100,"The transaction description 'from Westpac' does not contain any information suggesting R&D activities. Therefore, it does not meet the criteria for Di",No,No,Yes,Requires receipt from Westpac to verify the nature of the expense. s 8-1 ITAA 1997 allows a deduction for expenses incurred in gaining or producing assessable income.
FY2023-24,2023-07-18,672f73dc-93b2-49b9-818b-b229aafdddcb,PLANNERVID,40.98,,Software,60,Section 8-1 ITAA 1997 - general deduction,40.98,Yes,No,5,The transaction description 'from PLANNERVID' does not provide any evidence of R&D activities as defined in Division 355 of ITAA 1997. There is no ind,No,No,Yes,
FY2023-24,2023-07-20,5f4c65c2-104d-4fc2-b986-1b0b4f62e6e3,,5000,Bank Transfer from Westpac AU 034130305254.,Unknown,50,Section 8-1 ITAA 1997 - general deduction,0,No,No,5,The transaction description 'Bank Transfer from Westpac AU 034130305254' provides no information to suggest that it relates to any R&D activities. The,No,No,Yes,Requires documentation to determine the nature of the expense and its deductibility under s 8-1 ITAA 1997.
FY2024-25,2024-08-12,1b29aa59-b2fa-4f8c-9776-f89f3874100d,Mailchimp,30.9,,Marketing,90,Section 8-1 ITAA 1997 - general deduction,30.9,Yes,No,95,The transaction description 'from Mailchimp' does not provide any evidence of R&D activities as defined under Division 355 of the ITAA 1997. Mailchimp,No,No,Yes,
FY2024-25,2024-08-27,6b3f2b56-8a0c-4d47-b6bc-d982c9ada2e9,,2000,Bank Transfer from Westpac AU 034130305254.,Unknown,50,Section 8-1,0,No,No,20,The transaction description 'Bank Transfer from Westpac AU 034130305254' provides no information to suggest that it relates to any R&D activities. The,No,No,Yes,Requires additional documentation to determine the nature of the expense and its deductibility under s 8-1 ITAA 1997.
FY2023-24,2023-07-24,58243805-0663-4767-95f1-32027a03bed5,Primeau,9.99,,Unknown,50,Section 8-1 ITAA 1997 - general deduction,9.99,Yes,No,5,The transaction description 'from Primeau' does not provide any information to suggest that it is related to R&D activities as defined in Division 355,No,No,Yes,Need receipt to confirm nature of expense to determine deductibility under s 8-1 ITAA 1997. The description 'from Primeau' is insufficient.
FY2023-24,2023-08-03,c150a491-917a-4c8e-8025-2f62aeae5a59,ATO,566,,Taxation,95,Section 8-1 ITAA 1997 - general deduction,566,Yes,No,90,"The transaction description 'from ATO' does not provide any evidence of R&D activities. There is no indication of technical uncertainty, systematic in",No,No,Yes,
FY2023-24,2023-08-21,47ed96de-1ce0-448f-be63-082dfb99c13f,Canva,57,,Software,75,Section 8-1,57,Yes,No,90,The transaction 'from Canva' does not provide any evidence of R&D activities as defined in Division 355 of ITAA 1997. There is no indication of techni,No,No,Yes,Receipt required to substantiate the expense. s 8-1 ITAA 1997 - general deduction. The expense 'from Canva' is deductible to the extent it was incurred in gaining or producing assessable income or nec
FY2023-24,2023-08-21,e3d5ce27-7f0d-4c55-9d62-48d0b4aef23c,Go Daddy,35.67,,Software,85,Section 8-1 ITAA 1997 - general deduction,35.67,Yes,No,95,The transaction description 'from Go Daddy' does not provide any evidence of R&D activities as defined under Division 355 of the ITAA 1997. There is n,No,No,Yes,
FY2023-24,2023-08-21,8bd72751-0051-4212-9b07-45f379700a8a,Zoom,24.63,,Software,95,Section 8-1 ITAA 1997 - general deduction,24.63,Yes,No,90,The transaction relates to a Zoom subscription. There is no indication of R&D activity based on the provided information. Routine software subscriptio,No,No,Yes,Receipt required to substantiate the expense. s 8-1 ITAA 1997 allows a deduction for expenses incurred in gaining or producing assessable income or necessarily incurred in carrying on a business for t
FY2023-24,2023-09-18,06acfc0d-ad9c-4789-8c12-91fd2203d361,Biteable,828,,Marketing,85,Section 8-1 ITAA 1997 - general deduction,828,Yes,No,60,The transaction description 'from Biteable' does not provide any evidence of R&D activities as defined in Division 355 of ITAA 1997. There is no indic,No,No,Yes,Receipt required to substantiate the expense. s 8-1 ITAA 1997 allows a deduction for expenses incurred in gaining or producing assessable income.
FY2023-24,2023-09-18,e0df2d58-47b1-49a6-bbe3-e96bb89c4c7e,PLANNERVID,43.27,,Software,60,Section 8-1 ITAA 1997 - general deduction,43.27,Yes,No,5,The transaction description 'from PLANNERVID' does not provide any evidence of R&D activities as defined in Division 355 of ITAA 1997. There is no ind,No,No,Yes,
FY2024-25,2024-07-16,fe4e555e-87e9-466d-8a97-e25900f0116c,Go Daddy,365.99,,Software,95,Section 8-1 ITAA 1997 - general deduction,365.99,Yes,No,90,The transaction description 'from Go Daddy' does not provide any evidence of R&D activities as defined under Division 355 of ITAA 1997. There is no in,No,No,Yes,Receipt from Go Daddy required to substantiate the expense. s 8-1 ITAA 1997 - general deduction: An expense is deductible if it is incurred in gaining or producing assessable income or is necessarily 
FY2024-25,2024-07-23,73908ab0-9b20-4e07-9b3c-56be54002ebf,ChatGPT,33.9,,Software,70,Section 8-1,33.9,Yes,No,60,The transaction description 'from ChatGPT' does not provide sufficient evidence to suggest that the payment relates to R&D activities as defined in Di,No,No,Yes,Receipt required to substantiate the expense. s 8-1 ITAA 1997 - general deduction: The expense must be incurred in gaining or producing assessable income or necessarily incurred in carrying on a busin
FY2024-25,2024-07-24,190fe9e8-f86f-42a6-b27f-e6f9a849edbf,,1000,Bank Transfer from Westpac AU 034130305254.,Unknown,50,Section 8-1 ITAA 1997 - general deduction,0,No,No,5,The transaction description 'Bank Transfer from Westpac AU 034130305254' provides no information to suggest that this payment relates to any R&D activ,No,No,Yes,Requires documentation to determine the nature of the expense and its deductibility under s 8-1 ITAA 1997.
FY2024-25,2024-08-06,e49f7ca7-8073-43a4-8127-38f291a52525,Pateron,8.89,,Marketing,75,Section 8-1 ITAA 1997 - general deduction,8.89,Yes,No,5,The transaction description 'from Pateron' does not provide any evidence of R&D activities as defined under Division 355 of the ITAA 1997. There is no,No,No,Yes,Ensure the subscription relates to the business's income-producing activities to satisfy s 8-1 ITAA 1997.
FY2024-25,2024-08-29,c92f63af-a1b8-4f9e-84b4-ba11282795a1,Go Daddy,365.54,,Software,85,Section 8-1 ITAA 1997 - general deduction,365.54,Yes,No,95,The transaction description 'from Go Daddy' does not provide any evidence of R&D activities as defined under Division 355 of the ITAA 1997. There is n,No,No,Yes,Receipt required to substantiate the expense. s 8-1 ITAA 1997 allows a deduction for expenses incurred in gaining or producing assessable income.
FY2024-25,2024-08-30,a960eb8f-32a7-49ef-8107-df751b75863f,Go Daddy,130.18,,Software,85,Section 8-1 ITAA 1997 - general deduction,130.18,Yes,No,95,The transaction description 'from Go Daddy' does not contain any evidence of R&D activities as defined in Division 355 of the ITAA 1997. There is no i,No,No,Yes,Receipt required to substantiate the expense. s 8-1 ITAA 1997 allows a deduction for expenses incurred in gaining or producing assessable income or necessarily incurred in carrying on a business for t
FY2024-25,2024-07-24,e5d41778-33fe-4321-9395-ee66ec92970b,,1000,Bank Transfer to Westpac AU 034130305246.,Unclassified,50,s 8-1 ITAA 1997 - general deduction,0,No,No,5,The transaction description 'Bank Transfer to Westpac AU 034130305246' does not contain any information to suggest that it is related to R&D activitie,No,No,Yes,Requires documentation to determine the nature of the expense and its deductibility under s 8-1 ITAA 1997.
FY2023-24,2023-09-22,a68e2fbb-2805-4e46-a03f-1d11b7ae1de0,Microsoft,139,,Software,80,Section 8-1 ITAA 1997 - general deduction,139,Yes,No,60,The transaction description 'from Microsoft' does not provide any evidence of R&D activities. It is likely a purchase of software or a subscription se,No,No,Yes,
FY2023-24,2023-09-25,6d5f9c4c-2c90-4178-a3a0-8fb054d85d14,ChatGPT,35.49,Order number: sub_1MoRsWC6h1nxGoI3nysj9D1d ,Software,75,Section 8-1 ITAA 1997 - general deduction,35.49,Yes,No,60,The transaction description 'from ChatGPT - Order number: sub_1MoRsWC6h1nxGoI3nysj9D1d' does not provide sufficient evidence to suggest that this purc,No,No,Yes,Receipt required to substantiate the expense. s 8-1 ITAA 1997 allows a deduction for expenses incurred in gaining or producing assessable income.
FY2024-25,2024-09-10,d1d57649-a9d6-42b1-9c55-245879998f70,Mailchimp,30.19,,Marketing,95,Section 8-1 ITAA 1997 - general deduction,30.19,Yes,No,90,The transaction description 'from Mailchimp' does not provide any evidence of R&D activities as defined in Division 355 of the ITAA 1997. There is no ,No,No,Yes,Receipt required to substantiate the expense. s 8-1 ITAA 1997 allows a deduction for expenses incurred in gaining or producing assessable income or necessarily incurred in carrying on a business for t
FY2024-25,2024-08-12,b77f6a9b-c490-4203-b407-6ff1246258e5,HARBORSEO.AI DEERPARK IND IRL,49.66,International purchase,Professional Services,70,Section 8-1 ITAA 1997 - general deduction,49.66,Yes,No,60,"The transaction description 'from HARBORSEO.AI DEERPARK IND IRL - International purchase' lacks specific details indicating technical uncertainty, sys",No,No,Yes,
FY2024-25,2024-09-10,71211d48-0af4-49dc-9054-ce16a069c285,HARBORSEO.AI DEERPARK IND IRL,49.68,International purchase,Software,75,Section 8-1 ITAA 1997 - general deduction,49.68,Yes,No,60,The transaction description 'from HARBORSEO.AI DEERPARK IND IRL - International purchase' does not contain sufficient information to suggest that it m,No,No,Yes,Requires invoice/receipt to substantiate the expense. s 8-1 ITAA 1997 allows a deduction for expenses incurred in gaining or producing assessable income.
FY2023-24,2023-09-27,879a8d3b-5a38-42b1-a16d-9427b77f6f5d,Fiverr,21.35,,Professional Services,70,Section 8-1,21.35,Yes,No,60,"The transaction description 'from Fiverr' lacks specific details to suggest R&D activity. There is no evidence of technical uncertainty, systematic in",No,No,Yes,Requires receipt from Fiverr to substantiate the expense. s 8-1 ITAA 1997 - general deduction: A loss or outgoing is deductible to the extent that it is incurred in gaining or producing your assessabl
FY2024-25,2024-09-13,4bdf033e-3d82-415d-a035-9844b45fc505,Machined Abu Dhabiare,75.94,create website pages,Software,85,Section 8-1 ITAA 1997 - general deduction,75.94,Yes,No,95,"The transaction description 'create website pages' does not contain any evidence of technical uncertainty, systematic investigation, generation of new",No,No,Yes,Ensure invoice and proof of payment are retained. s 8-1 ITAA 1997 allows a deduction for expenses incurred in gaining or producing assessable income.
FY2024-25,2024-10-16,81b4de1c-179b-4444-a0d0-7525cc857373,Jim's Bookkeeping Maryborough,130,Accounting and BAS,Professional Services,95,Section 8-1 ITAA 1997 - general deduction,130,Yes,No,95,"The transaction relates to 'Accounting and BAS' services, which are standard business practices and do not involve R&D activities as defined under Div",No,No,Yes,Receipt from Jim's Bookkeeping Maryborough required to substantiate the expense.
FY2023-24,2023-07-07,5be99087-f57d-40c0-bd9a-45f0cbe28daf,Upwork,573.27,Visual video for CARSI,Marketing,90,Section 8-1 ITAA 1997 - general deduction,573.27,Yes,No,95,"The transaction description 'Visual video for CARSI' does not contain any evidence of technical uncertainty, systematic investigation, generation of n",No,No,Yes,
FY2023-24,2023-08-22,97cce522-368e-43a8-9c7c-07921d4479a0,Go Daddy,38.57,,Software,85,Section 8-1 ITAA 1997 - general deduction,38.57,Yes,No,95,"The transaction description 'from Go Daddy' does not contain any evidence of technical uncertainty, systematic investigation, generation of new knowle",No,No,Yes,
FY2023-24,2023-08-23,9a93de6f-d58a-47eb-94d9-15b97b2dd87a,ChatGPT,35.48,Order number: sub_1MoRsWC6h1nxGoI3nysj9D1d ,Software,75,Section 8-1 ITAA 1997 - general deduction,35.48,Yes,No,60,The transaction description 'from ChatGPT - Order number: sub_1MoRsWC6h1nxGoI3nysj9D1d' does not provide sufficient evidence to suggest that the payme,No,No,Yes,Receipt required to substantiate the expense. s 8-1 ITAA 1997 - general deduction allows a deduction for expenses incurred in gaining or producing assessable income or necessarily incurred in carrying
FY2023-24,2023-08-24,780af5d8-244d-490c-9cac-e0cf575b4927,Primeau,9.99,,Unknown,50,Section 8-1 ITAA 1997 - general deduction,9.99,Yes,No,5,The transaction description 'from Primeau' provides no information to suggest that it relates to R&D activities as defined in Division 355 of the ITAA,No,No,Yes,
FY2024-25,2024-09-06,88a061a9-220a-4272-87ef-96bd869f681c,Pateron,8.44,,Marketing,70,Section 8-1 ITAA 1997 - general deduction,8.44,Yes,No,50,The transaction description 'from Pateron' does not provide any evidence of R&D activities as defined in Division 355 of ITAA 1997. There is no indica,No,No,Yes,Requires receipt to substantiate the expense. The expense is deductible under s 8-1 ITAA 1997 as it is incurred in gaining or producing assessable income or necessarily incurred in carrying on a busin
FY2023-24,2023-09-11,6a533ae2-977c-448b-97d1-4d1bdaba90e5,Mailchimp,32.36,,Marketing,95,Section 8-1 ITAA 1997 - general deduction,32.36,Yes,No,90,The transaction description 'from Mailchimp' does not provide any evidence of R&D activities as defined under Division 355 of the ITAA 1997. There is ,No,No,Yes,Deductible under s 8-1 ITAA 1997 as it is an expense incurred in gaining or producing assessable income. The transaction description 'from Mailchimp' indicates a marketing expense. Documentation (invo
FY2023-24,2023-09-20,b1d44bf3-aa9f-43b3-9eb0-2f4867635349,Upwork,546.88,Visual video for CARSI,Marketing,95,Section 8-1 ITAA 1997 - general deduction,546.88,Yes,No,90,"The transaction description 'Visual video for CARSI' does not provide any evidence of technical uncertainty, systematic investigation, generation of n",No,No,Yes,Ensure invoice from Upwork is retained as evidence of the expense. s 8-1 ITAA 1997 allows a deduction for expenses incurred in gaining or producing assessable income.
FY2023-24,2023-09-29,9a3806ad-9a21-445b-96d4-d5f73e77b426,Westpac,10,,Financial Services,90,Section 8-1 ITAA 1997 - general deduction,10,Yes,No,100,"The transaction description 'from Westpac' does not contain any information to suggest that it is related to R&D activities. Therefore, it does not me",No,No,Yes,
FY2023-24,2023-09-29,af862aab-3bb3-41c3-a0f4-bceff77ec882,Westpac,15.92,,Financial Services,95,Section 8-1 ITAA 1997 - general deduction,15.92,Yes,No,100,"The transaction description 'from Westpac' does not contain any information to suggest that it is related to R&D activities. Therefore, it does not me",No,No,Yes,
FY2023-24,2023-10-02,dd129378-c6cf-4485-a846-ef2173836eb7,Westpac,5,,Financial Services,90,Section 8-1 ITAA 1997 - general deduction,5,Yes,No,95,"The transaction description 'from Westpac' does not contain any information suggesting R&D activities. There is no evidence of technical uncertainty, ",No,No,Yes,
FY2023-24,2023-09-20,89643555-66aa-4583-8521-0186efb641a8,Zoom,24.63,,Software,95,Section 8-1 ITAA 1997 - general deduction,24.63,Yes,No,90,The transaction description 'from Zoom' does not provide any evidence of R&D activities. It appears to be a standard software subscription for communi,No,No,Yes,
FY2023-24,2023-09-29,e2ec8f0c-37d4-49f3-bf87-79e7f7a8a152,,1200,Bank Transfer from Westpac AU 034130305254.,Unknown,50,Unknown,0,No,No,5,The transaction description 'Bank Transfer from Westpac AU 034130305254' provides no information to suggest that this payment relates to any R&D activ,No,No,Yes,Requires further information to determine the nature of the expense and its deductibility. Need to determine the supplier and the purpose of the bank transfer.
FY2023-24,2023-10-02,0a100de1-6f7f-453b-8b89-10523a8f978a,,2000,Bank Transfer from Westpac AU 034130305254.,Unknown,50,Section 8-1 ITAA 1997 - general deduction,2000,Yes,No,20,The transaction description 'Bank Transfer from Westpac AU 034130305254' provides no information to suggest that it relates to R&D activities. There i,No,No,Yes,Requires documentation to determine the nature of the expense and its deductibility under s 8-1 ITAA 1997. The description 'Bank Transfer from Westpac AU 034130305254' is insufficient to determine ded
FY2023-24,2023-10-09,cafe048e-8520-4c23-b36a-ee3ac65dae5c,Fiverr,14.6,,Professional Services,70,Section 8-1 ITAA 1997 - general deduction,14.6,Yes,No,50,"The transaction description 'from Fiverr' lacks specific details indicating technical uncertainty, systematic investigation, generation of new knowled",No,No,Yes,Ensure invoice/receipt from Fiverr is retained as evidence of the expense. s 8-1 ITAA 1997 allows a deduction for losses and outgoings to the extent they are incurred in gaining or producing assessabl
FY2023-24,2023-10-18,3a20edf7-49ac-49d3-b191-209873c6ef00,PLANNERVID,43.91,,Software,70,Section 8-1 ITAA 1997 - general deduction,43.91,Yes,No,60,The transaction description 'from PLANNERVID' does not provide sufficient evidence to suggest that the expense relates to R&D activities as defined un,No,No,Yes,
FY2023-24,2023-10-18,4c8e9c18-c7bf-4cca-aac7-89e1f29c22fd,Google,0.62,,Software,70,Section 8-1 ITAA 1997 - general deduction,0.62,Yes,No,50,The transaction description 'from Google' is insufficient to determine if the expense relates to R&D activities. There is no indication of technical u,No,No,Yes,
FY2023-24,2023-10-23,3a1b8736-03f1-40b1-9170-8873e54d4567,,3000,Bank Transfer to Westpac AU 034130305246.,Financial Transaction,70,Unknown,0,No,No,50,The transaction description 'Bank Transfer to Westpac AU 034130305246' does not provide any information to suggest that it is related to R&D activitie,No,No,Yes,"Requires documentation to determine the nature of the payment. Without knowing the purpose of the bank transfer, it is impossible to assess deductibility or compliance implications."
FY2023-24,2023-09-15,ed899f74-44c3-4c6b-852d-d0142105b595,NITROPACKMIAMIUS,339.06,,Software,70,Section 8-1 ITAA 1997 - general deduction,339.06,Yes,No,60,The transaction description 'from NITROPACKMIAMIUS' does not provide any evidence of R&D activities as defined in Division 355 of the ITAA 1997. There,No,No,Yes,
FY2023-24,2023-09-22,823c2cb1-ba30-4aa1-a40e-5f327e136f00,PADDLE.NET,17.74,,Software,70,Section 8-1 ITAA 1997 - general deduction,17.74,Yes,No,60,The transaction description 'from PADDLE.NET' does not provide sufficient evidence to suggest that the expense relates to R&D activities as defined un,No,No,Yes,
FY2023-24,2023-11-13,cc9c77b6-b810-4dd2-a1c1-633f51dcfbd3,Westpac,10.61,,Financial Services,95,Section 8-1 ITAA 1997 - general deduction,10.61,Yes,No,100,"The transaction description 'from Westpac' does not contain any information suggesting R&D activities. Therefore, it does not meet the criteria for Di",No,No,Yes,
FY2023-24,2023-11-16,ce41cc6a-ae2b-4063-b163-8450db583dff,,2500,Bank Transfer to Westpac AU 034130305246.,Financial Services,60,Section 8-1 ITAA 1997 - general deduction,2500,Yes,No,5,The transaction description 'Bank Transfer to Westpac AU 034130305246' does not provide any information to suggest that it is related to R&D activitie,No,No,Yes,Requires documentation to determine the nature of the payment to Westpac and its deductibility under s 8-1 ITAA 1997. The description 'Bank Transfer to Westpac AU 034130305246' is insufficient to dete
FY2023-24,2023-11-21,b35b8baa-efbc-4194-8cb5-941d4d83d5c9,Jim's Bookkeeping Maryborough,162.5,Monthly account keeping - September/October/November,Professional Services,95,Section 8-1 ITAA 1997 - general deduction,162.5,Yes,No,95,"The transaction relates to monthly account keeping, which is a routine business activity and does not involve R&D activities as defined under Division",No,No,Yes,Ensure invoice and payment records are retained as evidence of the expense. s 8-1 ITAA 1997 allows a deduction for expenses incurred in gaining or producing assessable income.
FY2023-24,2023-12-29,1b8ed351-d7d5-4c6e-9770-12dc3d649604,Westpac,0.05,,Bank Fees,95,Section 8-1 ITAA 1997 - general deduction,0.05,Yes,No,90,The transaction description 'from Westpac' and the amount of $0.05 do not provide any indication of R&D activities. There is no evidence of technical ,No,No,Yes,Receipt required to substantiate the expense. s 8-1 ITAA 1997 allows a deduction for expenses incurred in gaining or producing assessable income.
FY2023-24,2023-10-20,d4de44a4-28ec-4f62-832f-e0c3d11b9357,Canva,80,,Software,75,Section 8-1 ITAA 1997 - general deduction,80,Yes,No,95,"The transaction description 'from Canva' does not provide any evidence of technical uncertainty, systematic investigation, generation of new knowledge",No,No,Yes,
FY2023-24,2023-10-23,c8f42088-e0ca-43f7-97a1-b6bab4817627,ChatGPT,35.99,Order number: sub_1MoRsWC6h1nxGoI3nysj9D1d ,Software,70,Section 8-1 ITAA 1997 - general deduction,35.99,Yes,No,60,The transaction description 'from ChatGPT - Order number: sub_1MoRsWC6h1nxGoI3nysj9D1d' does not provide sufficient evidence to suggest that the payme,No,No,Yes,
FY2023-24,2023-07-04,25958103-07b8-4128-a37e-521a155a237c,Jim's Bookkeeping Maryborough,16.25,Monthly account keeping - June,Professional Services,95,Section 8-1 ITAA 1997 - general deduction,16.25,Yes,No,95,The transaction relates to 'Monthly account keeping - June'. This is a routine bookkeeping service and does not involve any R&D activities as defined ,No,No,Yes,
FY2024-25,2024-07-01,f9ec427e-271e-44b0-be67-e6efd7f53fb3,Disaster Recovery,5000,,IT Services,75,Section 8-1 ITAA 1997 - general deduction,5000,Yes,No,95,"The transaction description 'from Disaster Recovery' does not contain any evidence of technical uncertainty, systematic investigation, generation of n",No,No,Yes,"Ensure adequate documentation (contract, invoice) is retained to support the expense. The expense is deductible under s 8-1 ITAA 1997 as it is incurred in gaining or producing assessable income or nec"
