PRIORITY,Financial Year,Date,Supplier,Amount,Claimable,Deduction Type,Category,Confidence,Transaction ID,Documentation Required,Notes
1,FY2023-24,2024-04-15,Disaster Recovery QLD,20000,20000,Section 8-1 ITAA 1997 - general deduction,Professional Services,80,c73ac082-9b64-45fb-abee-a6c2b7d45c2e,Yes,Requires documentation to support the nature of the contra arrangement with Disaster Recovery QLD. s 8-1 ITAA 1997 allows a deduction for expenses inc
2,FY2022-23,2022-12-19,phill mcgurk,20000,20000,Section 8-1 ITAA 1997 - general deduction,Professional Services,60,65c8ad4d-8ae8-4428-b3f3-f23895084686,Yes,Need detailed invoice to determine deductibility under s 8-1 ITAA 1997. The expense must be incurred in gaining or producing assessable income or nece
3,FY2023-24,2024-04-15,Roseanne Lederhose,20000,20000,Section 8-1 ITAA 1997 - general deduction,Motor Vehicle,80,9f454d8f-bd5f-47a5-9b45-371f74d153cc,Yes,"Deductible via cents per km (85c/km max 5,000km) or logbook method; Need to determine if this is a business expense or a personal expense. If personal"
4,FY2023-24,2023-07-11,phill mcgurk,15000,15000,Section 8-1 ITAA 1997 - general deduction,Professional Services,60,729554c8-c38c-4492-ad7d-971da4914226,Yes,Requires invoice or contract to determine the nature of the services provided by 'phill mcgurk' to assess deductibility under s 8-1 ITAA 1997. The exp
5,FY2022-23,2023-02-27,Disaster Recovery QLD Pty Ltd,9538.13,9538.13,Section 8-1 ITAA 1997 - general deduction,Professional Services,90,98719a16-c273-4ec7-b970-9daf95d1a6aa,Yes,Ensure invoice and contract support the management fee. s 8-1 ITAA 1997 allows a deduction for expenses incurred in gaining or producing assessable in
6,FY2022-23,2022-10-27,Disaster Recovery QLD Pty Ltd,9538.13,9538.13,Section 8-1 ITAA 1997 - general deduction,Management Fees,95,6d50d98f-686b-4df4-8f75-47568c989101,Yes,Ensure the management fee is commercially reasonable and properly documented to support its deductibility under s 8-1 ITAA 1997. The expense must be i
7,FY2022-23,2022-08-21,Disaster Recovery QLD Pty Ltd,9538.13,9538.13,Section 8-1,Professional Services,95,c5324b3c-6af3-49a1-a05c-727f1abfbbce,Yes,"Deductible under s 8-1 ITAA 1997 - general deduction, provided the expense was necessarily incurred in carrying on a business for the purpose of gaini"
8,FY2022-23,2022-12-28,Disaster Recovery QLD Pty Ltd,9538.13,9538.13,Section 8-1 ITAA 1997 - general deduction,Professional Services,90,dda04f1e-5248-452f-aca1-713b8f1edcc0,Yes,
9,FY2022-23,2022-07-21,Disaster Recovery QLD Pty Ltd,9538.13,9538.13,Section 8-1 ITAA 1997 - general deduction,Professional Services,90,046d04d0-3a61-433c-9f43-fc22d87f83be,Yes,Ensure the management fee is commercially reasonable and properly documented to support its deductibility under s 8-1 ITAA 1997.
10,FY2022-23,2022-09-21,Disaster Recovery QLD Pty Ltd,9538.13,9538.13,Section 8-1 ITAA 1997 - general deduction,Professional Services,95,a61947d9-c722-48ef-b8bb-da28e4877d7d,Yes,Ensure the management fee is commercially reasonable and properly documented to support its deductibility under s 8-1 ITAA 1997. The expense must be i
11,FY2022-23,2022-12-21,Disaster Recovery QLD Pty Ltd,8671.36,8671.36,Section 8-1 ITAA 1997 - general deduction,Professional Services,95,3f7caced-90cf-42d7-a2d5-3627f4225231,Yes,Ensure the management fee is commercially reasonable and properly documented to support its deductibility under s 8-1 ITAA 1997.
12,FY2022-23,2022-10-21,Disaster Recovery QLD Pty Ltd,8671.36,8671.36,Section 8-1 ITAA 1997 - general deduction,Professional Services,95,70c7222c-7a17-49a7-9cf3-589d7ceb003d,Yes,Ensure invoice and contract support the management fee. s 8-1 ITAA 1997 allows a deduction for expenses incurred in gaining or producing assessable in
13,FY2022-23,2023-01-21,Disaster Recovery QLD Pty Ltd,8671.36,8671.36,Section 8-1 ITAA 1997 - general deduction,Professional Services,95,b9e9e195-af24-4a75-85d4-28d878339277,Yes,Ensure invoice and contract support the management fee. s 8-1 ITAA 1997 allows a deduction for expenses incurred in gaining or producing assessable in
14,FY2022-23,2023-02-21,Disaster Recovery QLD Pty Ltd,8671.36,8671.36,Section 8-1 ITAA 1997 - general deduction,Professional Services,95,c91275e4-1491-4fbe-ada8-e6f2c93f8c9d,Yes,Ensure the management fee is commercially reasonable and properly documented to support its deductibility under s 8-1 ITAA 1997.
15,FY2022-23,2022-11-21,Disaster Recovery QLD Pty Ltd,8671.36,8671.36,Section 8-1 ITAA 1997 - general deduction,Professional Services,95,a1de6214-79ab-4b82-90be-580c4f4f7f8c,Yes,Ensure the management fee is commercially reasonable and properly documented to support its deductibility under s 8-1 ITAA 1997.
16,FY2023-24,2024-02-19,Bronwyn McGurk,8000,8000,Section 8-1 ITAA 1997 - general deduction,Professional Services,70,ce366a54-845c-4984-a364-b45d052a1e6d,Yes,
17,FY2024-25,2025-01-20,Bronwyn McGurk,7500,7500,Section 8-1 ITAA 1997 - general deduction,Professional Services,75,efcdc68e-9744-41c4-823d-f8ef75f71007,Yes,Requires invoice or contract to verify the nature of services provided by Bronwyn McGurk to determine deductibility under s 8-1 ITAA 1997. The descrip
18,FY2023-24,2023-08-21,Disaster Recovery QLD Pty Ltd,4949.66,4949.66,Section 8-1 ITAA 1997 - general deduction,Professional Services,95,abee5f50-52c4-42b3-a520-2ccc791261bc,Yes,Ensure the management fee is commercially reasonable and at arm's length. s 8-1 ITAA 1997 allows a deduction for expenses incurred in gaining or produ
19,FY2023-24,2023-07-21,Disaster Recovery QLD Pty Ltd,4949.66,4949.66,Section 8-1 ITAA 1997 - general deduction,Professional Services,95,210afa61-f693-42c5-a398-714a4829ed0f,Yes,Ensure the management fee is commercially reasonable and at arm's length. Documentation should include the management agreement and evidence of servic
20,FY2023-24,2023-09-21,Disaster Recovery QLD Pty Ltd,4949.66,4949.66,Section 8-1 ITAA 1997 - general deduction,Professional Services,95,de2aa62e-1248-42be-ba5e-1f96fa43c4e2,Yes,Ensure the management fee is commercially reasonable and properly documented to support its deductibility under s 8-1 ITAA 1997.
21,FY2022-23,2023-05-21,Disaster Recovery QLD Pty Ltd,4949.66,4949.66,Section 8-1 ITAA 1997 - general deduction,Professional Services,95,6356cce3-0160-4381-ba7e-b77e3697f36b,Yes,
22,FY2023-24,2023-10-21,Disaster Recovery QLD Pty Ltd,4949.66,4949.66,Section 8-1 ITAA 1997 - general deduction,Professional Services,90,b1f5f7fd-6fa2-4000-b16e-c3018494c4ae,Yes,Ensure invoice and contract support the management fee. s 8-1 ITAA 1997 allows a deduction for expenses incurred in gaining or producing assessable in
23,FY2022-23,2023-04-21,Disaster Recovery QLD Pty Ltd,4949.66,4949.66,Section 8-1 ITAA 1997 - general deduction,Professional Services,95,a61bedc7-118b-412a-9078-a15dbe0ab25b,Yes,Ensure the management fee is commercially reasonable and properly documented to support its deductibility under s 8-1 ITAA 1997.
24,FY2022-23,2023-06-21,Disaster Recovery QLD Pty Ltd,4949.66,4949.66,Section 8-1 ITAA 1997 - general deduction,Professional Services,95,e3b952b5-fcb0-4656-8ac9-c8fd469558d5,Yes,Ensure the management fee is commercially reasonable and properly documented to support its deductibility under s 8-1 ITAA 1997. The expense must be i
25,FY2024-25,2024-07-21,Disaster Recovery QLD Pty Ltd,4558.63,4558.63,Section 8-1 ITAA 1997 - general deduction,Management Fees,95,986a8a8a-0022-40a7-bdfc-cf58b7fbe8f6,Yes,Ensure the management fee is commercially reasonable and properly documented to support its deductibility under s 8-1 ITAA 1997.
26,FY2023-24,2024-04-21,Disaster Recovery QLD Pty Ltd,4558.63,4558.63,Section 8-1 ITAA 1997 - general deduction,Professional Services,95,c6f6b5d4-9182-4f9b-931f-5978178c286f,Yes,Ensure the management fee is commercially reasonable and properly documented to support its deductibility under s 8-1 ITAA 1997.
27,FY2023-24,2024-05-21,Disaster Recovery QLD Pty Ltd,4558.63,4558.63,Section 8-1 ITAA 1997 - general deduction,Professional Services,95,471aefb9-4215-4984-9ea3-6f69f1b65c5b,Yes,Ensure the management fee is commercially reasonable and properly documented to support its deductibility under s 8-1 ITAA 1997.
28,FY2023-24,2023-11-21,Disaster Recovery QLD Pty Ltd,4558.63,4558.63,Section 8-1 ITAA 1997 - general deduction,Professional Services,95,739eba50-41a8-49e0-8095-05ae3ee3e143,Yes,Ensure the management fee is commercially reasonable and properly documented to support its deductibility under s 8-1 ITAA 1997. The expense must be i
29,FY2023-24,2024-01-21,Disaster Recovery QLD Pty Ltd,4558.63,4558.63,Section 8-1 ITAA 1997 - general deduction,Professional Services,95,907123dd-e24f-4654-b18b-ec1f298da8e2,Yes,Ensure the management fee is commercially reasonable and properly documented to support its deductibility under s 8-1 ITAA 1997. The expense must be i
30,FY2023-24,2024-03-21,Disaster Recovery QLD Pty Ltd,4558.63,4558.63,Section 8-1 ITAA 1997 - general deduction,Professional Services,95,79031964-ca6b-4e8f-ac78-5218805ee5cd,Yes,Ensure the management fee is commercially reasonable and properly documented to support its deductibility under s 8-1 ITAA 1997.
31,FY2023-24,2024-02-21,Disaster Recovery QLD Pty Ltd,4558.63,4558.63,Section 8-1 ITAA 1997 - general deduction,Professional Services,95,565bd8c4-34a1-417e-a609-00c93b5fe8f1,Yes,Ensure invoice and contract support the management fee. s 8-1 ITAA 1997 allows a deduction for expenses incurred in gaining or producing assessable in
32,FY2023-24,2023-12-21,Disaster Recovery QLD Pty Ltd,4558.63,4558.63,Section 8-1 ITAA 1997 - general deduction,Professional Services,95,2aa3a8e0-308c-4060-a05a-a70d504b2bf2,Yes,Ensure the management fee is commercially reasonable and properly documented to satisfy the requirements of s 8-1 ITAA 1997. Obtain a detailed invoice
33,FY2023-24,2024-06-21,Disaster Recovery QLD Pty Ltd,4558.63,4558.63,Section 8-1 ITAA 1997 - general deduction,Professional Services,95,95001e05-1487-4772-af0d-98576e6cbdcd,Yes,Ensure the management fee is commercially reasonable and properly documented to support deductibility under s 8-1 ITAA 1997.
34,FY2022-23,2023-03-21,Disaster Recovery QLD Pty Ltd,4558.63,4558.63,Section 8-1 ITAA 1997 - general deduction,Professional Services,95,331ab851-be1f-47f2-9aeb-27b6dabee3cf,Yes,Ensure invoice and contract support the management fee. s 8-1 ITAA 1997 allows a deduction for losses and outgoings to the extent they are incurred in
35,FY2023-24,2024-01-29,Disaster Recovery QLD Pty Ltd,3447.95,3447.95,Section 8-1 ITAA 1997 - general deduction,Professional Services,95,fa84e676-d00d-44dc-98e8-fc53555b3bf7,Yes,Ensure the management fee is commercially reasonable and properly documented to support its deductibility under s 8-1 ITAA 1997.
36,FY2023-24,2023-12-27,Disaster Recovery QLD Pty Ltd,3447.95,3447.95,Section 8-1 ITAA 1997 - general deduction,Professional Services,90,e4f89f3f-27f1-4a0c-8d12-241c5c540660,Yes,Ensure invoice is retained as evidence of expense. s 8-1 ITAA 1997 allows a deduction for losses and outgoings to the extent they are incurred in gain
37,FY2023-24,2024-02-27,Disaster Recovery QLD Pty Ltd,3447.95,3447.95,Section 8-1 ITAA 1997 - general deduction,Professional Services,90,853e9ea8-5b66-499d-b533-3ea4ca0fa965,Yes,
38,FY2023-24,2024-03-27,Disaster Recovery QLD Pty Ltd,3447.95,3447.95,Section 8-1 ITAA 1997 - general deduction,Professional Services,95,55eb624e-1dcc-4e83-acdc-279ba4471457,Yes,Ensure invoice and payment records are retained as evidence of the expense. s 8-1 ITAA 1997 allows a deduction for expenses incurred in gaining or pro
39,FY2024-25,2025-05-21,Disaster Recovery QLD Pty Ltd,2091.76,2091.76,Section 8-1 ITAA 1997 - general deduction,Professional Services,90,32c1e7fb-d31e-4b68-98f0-12dc6f3040f7,Yes,Ensure the management fee is commercially reasonable and properly documented to support its deductibility under s 8-1 ITAA 1997. The transaction descr
40,FY2024-25,2025-01-21,Disaster Recovery QLD Pty Ltd,2091.76,2091.76,Section 8-1 ITAA 1997 - general deduction,Management Fees,90,ea7cac55-6b75-4773-8a22-d0c13e2de176,Yes,Requires invoice or contract to verify the nature of the management services provided to ensure it is an allowable deduction under s 8-1 ITAA 1997.
41,FY2024-25,2025-04-21,Disaster Recovery QLD Pty Ltd,2091.76,2091.76,Section 8-1 ITAA 1997 - general deduction,Management Fees,95,e52dafd6-8bfc-48b9-ad8e-55e9991ca1c4,Yes,
42,FY2024-25,2024-09-21,Disaster Recovery QLD Pty Ltd,2091.76,2091.76,Section 8-1 ITAA 1997 - general deduction,Professional Services,95,5e242d03-c0d5-412d-85e8-199302f987d5,Yes,Ensure the management fee is commercially reasonable and properly documented to support its deductibility under s 8-1 ITAA 1997.
43,FY2023-24,2024-04-29,Disaster Recovery QLD Pty Ltd,2091.76,2091.76,Section 8-1 ITAA 1997 - general deduction,Professional Services,85,5f6b91d7-f5f2-4818-a908-88544ae5de3d,Yes,Ensure the management fee is commercially reasonable and properly documented to support its deductibility under s 8-1 ITAA 1997. The expense must be i
44,FY2024-25,2024-11-21,Disaster Recovery QLD Pty Ltd,2091.76,2091.76,Section 8-1 ITAA 1997 - general deduction,Professional Services,95,118f21b0-7cfe-4671-963f-f5c7add9926a,Yes,Ensure invoice and contract support the management fee. s 8-1 ITAA 1997 allows a deduction for expenses incurred in gaining or producing assessable in
45,FY2024-25,2025-06-21,Disaster Recovery QLD Pty Ltd,2091.76,2091.76,Section 8-1 ITAA 1997 - general deduction,Professional Services,95,92dfc75b-dd09-49e1-8065-25572d874b40,Yes,Ensure the management fee is commercially reasonable and properly documented to satisfy s 8-1 ITAA 1997 requirements.
46,FY2023-24,2024-06-27,Disaster Recovery QLD Pty Ltd,2091.76,2091.76,Section 8-1 ITAA 1997 - general deduction,Professional Services,90,f1b943b8-351f-4c0d-b9a9-f73caddff4a9,Yes,Deductible under s 8-1 ITAA 1997 if incurred in gaining or producing assessable income or necessarily incurred in carrying on a business for that purp
47,FY2025-26,2025-08-21,Disaster Recovery QLD Pty Ltd,2091.76,2091.76,Section 8-1 ITAA 1997 - general deduction,Professional Services,95,828ffc4d-0572-44d8-ab41-f766f92a8d62,Yes,Deductible under s 8-1 ITAA 1997 if incurred in gaining or producing assessable income. Requires documentation to support the expense.
48,FY2024-25,2024-07-29,Disaster Recovery QLD Pty Ltd,2091.76,2091.76,Section 8-1 ITAA 1997 - general deduction,Professional Services,90,d7fb62ca-e17f-4b1d-b2f0-eaf38a50e4be,Yes,Ensure the management fee is commercially reasonable and properly documented to support its deductibility under s 8-1 ITAA 1997.
49,FY2024-25,2024-10-21,Disaster Recovery QLD Pty Ltd,2091.76,2091.76,Section 8-1 ITAA 1997 - general deduction,Professional Services,95,9c58c6b1-5cff-41fc-9266-ae12dfd7e349,Yes,Ensure invoice and payment records are retained as evidence of the expense. s 8-1 ITAA 1997 allows a deduction for expenses incurred in gaining or pro
50,FY2024-25,2024-12-21,Disaster Recovery QLD Pty Ltd,2091.76,2091.76,Section 8-1 ITAA 1997 - general deduction,Professional Services,90,21e1a32b-5d72-424b-a32a-993559cd91fc,Yes,Ensure the management fee is commercially reasonable and properly documented to support its deductibility under s 8-1 ITAA 1997. The description 'Dece
51,FY2024-25,2025-02-21,Disaster Recovery QLD Pty Ltd,2091.76,2091.76,Section 8-1 ITAA 1997 - general deduction,Professional Services,95,b4055b2b-6be4-4b98-a84b-5c017e3493c4,Yes,Ensure the management fee is commercially reasonable and properly documented to support its deductibility under s 8-1 ITAA 1997.
52,FY2023-24,2024-05-27,Disaster Recovery QLD Pty Ltd,2091.76,2091.76,Section 8-1 ITAA 1997 - general deduction,Professional Services,95,fb6afe56-a814-4301-823b-34f8295a0bdb,Yes,
53,FY2025-26,2025-12-21,Disaster Recovery QLD Pty Ltd,2091.76,2091.76,Section 8-1 ITAA 1997 - general deduction,Professional Services,95,f7424a4e-964b-4a82-8d82-9c5b4f7072a6,Yes,Ensure the management fee is commercially reasonable and at arm's length. s 8-1 ITAA 1997 allows a deduction for expenses incurred in gaining or produ
54,FY2024-25,2025-03-21,Disaster Recovery QLD Pty Ltd,2091.76,2091.76,Section 8-1 ITAA 1997 - general deduction,Professional Services,90,972215c9-606e-4250-a9ab-0f2d0f974407,Yes,Ensure the management fee is commercially reasonable and properly documented to support its deductibility under s 8-1 ITAA 1997. The expense must be i
55,FY2024-25,2024-08-21,Disaster Recovery QLD Pty Ltd,2091.76,2091.76,Section 8-1 ITAA 1997 - general deduction,Management Fees,95,2f1f619f-2ad9-49b2-aabb-c917a3fc34cd,Yes,
56,FY2025-26,2025-07-21,Disaster Recovery QLD Pty Ltd,2091.76,2091.76,Section 8-1 ITAA 1997 - general deduction,Management Fees,95,5c923c44-ce82-45a4-b52a-f11f31e4258f,Yes,"Ensure the management fee is commercially reasonable and at arm's length.; Maintain proper documentation (contract, invoices) to support the deduction"
57,FY2025-26,2025-11-21,Disaster Recovery QLD Pty Ltd,2091.76,2091.76,Section 8-1 ITAA 1997 - general deduction,Professional Services,85,74ddfd18-4bcc-43f0-b063-f988445e5a57,Yes,Requires invoice and evidence that the management fee relates to the business's income-producing activities. s 8-1 ITAA 1997 allows a deduction for ex
58,FY2025-26,2025-09-21,Disaster Recovery QLD Pty Ltd,2091.76,2091.76,Section 8-1 ITAA 1997 - general deduction,Professional Services,95,24cc4272-ac46-4dce-98d0-15a7cdeb350e,Yes,Ensure invoice and payment records are retained as evidence of the expense. s 8-1 ITAA 1997 allows a deduction for expenses incurred in gaining or pro
59,FY2025-26,2025-10-21,Disaster Recovery QLD Pty Ltd,2091.76,2091.76,Section 8-1 ITAA 1997 - general deduction,Professional Services,95,38e097a9-542a-4865-a2de-0429138b6a0c,Yes,Ensure the management fee is commercially reasonable and properly documented to support its deductibility under s 8-1 ITAA 1997.
60,FY2025-26,2025-08-26,phill,2000,2000,Section 8-1 ITAA 1997 - general deduction,Unclassified,60,f8d42061-e857-4632-b0b6-9fcdc6204f5e,Yes,Requires additional documentation to determine the nature of 'CARSI' and its deductibility under s 8-1 ITAA 1997. The expense must be incurred in gain
61,FY2023-24,2024-04-16,Disaster Recovery QLD,1571.64,1571.64,Section 8-1 ITAA 1997 - general deduction,Motor Vehicle,80,1228af1a-b34f-4389-8788-137603de678b,Yes,"Deductible via cents per km (85c/km max 5,000km) or logbook method; Requires logbook or other evidence to substantiate business use percentage. s 8-1 "
62,FY2023-24,2024-01-16,Mercedes Finance,1182.9,1182.9,Section 8-1 ITAA 1997 - general deduction,Finance,90,e48e1273-f1a6-4149-9015-978ebca6d744,Yes,"Deductible via cents per km (85c/km max 5,000km) or logbook method; Requires loan agreement and amortization schedule to verify interest and principal"
63,FY2023-24,2023-12-15,Mercedes Finance,1182.9,1182.9,Section 8-1 ITAA 1997 - general deduction,Finance,90,2fd91ebf-2278-477a-8e6d-ee20b8826c46,Yes,"Deductible via cents per km (85c/km max 5,000km) or logbook method"
64,FY2023-24,2023-07-14,Mercedes Finance,1182.9,1182.9,Section 8-1 ITAA 1997 - general deduction,Finance Costs,90,4101a4bd-a001-458c-970b-5de9d989fc32,Yes,
65,FY2022-23,2022-12-16,"PAYMENT BY AUTHORITY TO MERCEDES-BENZ FINANCIAL SERVICES AUSTRALMB Financial,CONTRACT 461644",1182.9,1182.9,Section 8-1 ITAA 1997 - general deduction,Finance,90,8c14a396-cfb7-437e-8320-ed031f1f013c,Yes,"Deductible via cents per km (85c/km max 5,000km) or logbook method; Requires logbook or other evidence to substantiate business use percentage. s 8-1 "
66,FY2022-23,2022-08-16,"PAYMENT BY AUTHORITY TO MERCEDES-BENZ FINANCIAL SERVICES AUSTRALMB Financial,CONTRACT 461644",1182.9,1182.9,s 8-1 ITAA 1997 - general deduction,Finance Costs,90,1156aa57-8e54-4a3c-aa3d-4bf82bc92ce5,Yes,"Deductible via cents per km (85c/km max 5,000km) or logbook method"
67,FY2022-23,2022-07-15,"PAYMENT BY AUTHORITY TO MERCEDES-BENZ FINANCIAL SERVICES AUSTRALMB Financial,CONTRACT 461644",1182.9,1182.9,Section 8-1 ITAA 1997 - general deduction,Finance Costs,90,fe9839f9-c592-4f75-aa1d-3e9815e4e948,Yes,"Deductible via cents per km (85c/km max 5,000km) or logbook method"
68,FY2022-23,2023-03-16,"PAYMENT BY AUTHORITY TO MERCEDES-BENZ FINANCIAL SERVICES AUSTRALMB Financial,CONTRACT 461644",1182.9,1182.9,Section 8-1 ITAA 1997 - general deduction,Finance,90,5c5eebae-a0b7-404e-9e3e-ebf96cb2d9b0,Yes,"Deductible via cents per km (85c/km max 5,000km) or logbook method"
69,FY2022-23,2023-05-16,Mercedes Finance,1182.9,1182.9,Section 8-1 ITAA 1997 - general deduction,Finance,90,7fc7f308-f990-4df0-9f77-17135b9d0725,Yes,"Need to determine if the underlying asset (vehicle) is used for business purposes. If so, the repayment is deductible under s 8-1 ITAA 1997 as it is i"
70,FY2023-24,2023-08-16,Mercedes Finance,1182.9,1182.9,Section 8-1 ITAA 1997 - general deduction,Finance,90,eaa43944-d3eb-4a19-8d08-e4dd15cec3b7,Yes,"Deductible via cents per km (85c/km max 5,000km) or logbook method"
71,FY2023-24,2024-03-15,Mercedes Finance,1182.9,1182.9,Section 8-1 ITAA 1997 - general deduction,Finance Costs,90,dba62947-f7c6-4068-869c-8812264cd054,Yes,
72,FY2023-24,2023-11-16,Mercedes Finance,1182.9,1182.9,Section 8-1 ITAA 1997 - general deduction,Finance Costs,90,7b815fd1-7992-4ff1-a9f6-2bc26d04ffe7,Yes,"Deductible via cents per km (85c/km max 5,000km) or logbook method"
73,FY2022-23,2023-01-16,"PAYMENT BY AUTHORITY TO MERCEDES-BENZ FINANCIAL SERVICES AUSTRALMB Financial,CONTRACT 461644",1182.9,1182.9,Section 8-1 ITAA 1997 - general deduction,Finance,95,d6fe52cc-f3b8-4641-b117-fa5176ff1c73,Yes,"Deductible via cents per km (85c/km max 5,000km) or logbook method. The repayment relates to a motor vehicle, so the deduction is subject to the rules"
74,FY2022-23,2023-04-14,Mercedes Finance,1182.9,1182.9,Section 8-1 ITAA 1997 - general deduction,Finance,90,432c27bd-87b2-4776-826b-3b0bfa4c09a8,Yes,
75,FY2022-23,2023-06-16,Mercedes Finance,1182.9,1182.9,Section 8-1 ITAA 1997 - general deduction,Finance,90,f1763664-eac3-44cc-b6cc-8752ce6e576a,Yes,"Deductible via cents per km (85c/km max 5,000km) or logbook method"
76,FY2022-23,2022-10-14,"PAYMENT BY AUTHORITY TO MERCEDES-BENZ FINANCIAL SERVICES AUSTRALMB Financial,CONTRACT 461644",1182.9,1182.9,Section 8-1 ITAA 1997 - general deduction,Vehicle,90,31c55b36-1ab2-4985-acf4-6a56bceb9993,Yes,"Deductible via cents per km (85c/km max 5,000km) or logbook method; Requires logbook or other evidence to substantiate business use percentage. s 8-1 "
77,FY2023-24,2024-02-16,Mercedes Finance,1182.9,1182.9,Section 8-1 ITAA 1997 - general deduction,Finance,90,238f857c-79bd-42a7-9af2-a0ef12dd9797,Yes,"Deductible via cents per km (85c/km max 5,000km) or logbook method"
78,FY2023-24,2023-09-15,Mercedes Finance,1182.9,1182.9,Section 8-1 ITAA 1997 - general deduction,Finance,90,0490a1c4-d412-48d0-ad61-07db4f0f323b,Yes,"Deductible via cents per km (85c/km max 5,000km) or logbook method; Documentation required to substantiate business use percentage. s 8-1 ITAA 1997 al"
79,FY2022-23,2023-02-16,"PAYMENT BY AUTHORITY TO MERCEDES-BENZ FINANCIAL SERVICES AUSTRALMB Financial,CONTRACT 461644",1182.9,1182.9,Section 8-1 ITAA 1997 - general deduction,Finance,90,a0cf1f36-59fc-4bd0-94dd-cf8e5cc5f882,Yes,"Deductible via cents per km (85c/km max 5,000km) or logbook method"
80,FY2022-23,2022-11-16,"PAYMENT BY AUTHORITY TO MERCEDES-BENZ FINANCIAL SERVICES AUSTRALMB Financial,CONTRACT 461644",1182.9,1182.9,Section 8-1 ITAA 1997 - general deduction,Finance,95,f6a6814b-06a5-4f4d-947b-2375c98332f8,Yes,"Deductible via cents per km (85c/km max 5,000km) or logbook method"
81,FY2022-23,2022-09-16,"PAYMENT BY AUTHORITY TO MERCEDES-BENZ FINANCIAL SERVICES AUSTRALMB Financial,CONTRACT 461644",1182.9,1182.9,Section 8-1 ITAA 1997 - general deduction,Finance Costs,90,870a48e1-444c-44ad-9431-d2ec02610938,Yes,"Deductible via cents per km (85c/km max 5,000km) or logbook method; Requires documentation to support business use percentage."
82,FY2023-24,2023-10-16,Mercedes Finance,1182.9,1182.9,Section 8-1 ITAA 1997 - general deduction,Finance,90,ef31cc62-d904-4092-9950-8d8b766e2fd9,Yes,"Deductible via cents per km (85c/km max 5,000km) or logbook method"
83,FY2024-25,2024-09-09,St George,1068.21,1068.21,Section 8-1 ITAA 1997 - general deduction,Finance Costs,90,5df7e727-c0b5-46b0-ad4c-3414ca939781,Yes,Requires loan agreement and repayment schedule to verify the expense. s 8-1 ITAA 1997 allows a deduction for expenses incurred in gaining or producing
84,FY2023-24,2024-02-09,St George,1068.21,1068.21,Section 8-1 ITAA 1997 - general deduction,Finance Costs,95,31b73e9f-7007-4db8-b191-ec10c524911a,Yes,Documentation required to support the loan and its purpose to ensure deductibility under s 8-1 ITAA 1997. The expense is deductible to the extent it w
85,FY2023-24,2024-03-11,St George,1068.21,1068.21,Section 8-1 ITAA 1997 - general deduction,Finance Costs,90,322ad722-48df-40d9-a268-f76385649ccc,Yes,Requires loan agreement and repayment schedule to verify deductibility of interest component. The principal component of the loan repayment is not ded
86,FY2023-24,2023-09-11,St George,1068.21,1068.21,Section 8-1 ITAA 1997 - general deduction,Finance Costs,90,4504f544-8731-4cce-9cc4-c1ad67607b77,Yes,Documentation required to support the loan and its purpose to determine deductibility under s 8-1 ITAA 1997. The expense is deductible to the extent i
87,FY2022-23,2022-12-09,St George,1068.21,1068.21,Section 8-1 ITAA 1997 - general deduction,Finance Costs,90,795be01c-0ba3-4653-b8de-75d334157575,Yes,Requires loan agreement and repayment schedule to verify the expense. s 8-1 ITAA 1997 allows a deduction for expenses incurred in gaining or producing
88,FY2022-23,2023-02-09,St George,1068.21,1068.21,s 8-1 ITAA 1997 - general deduction,Finance Costs,90,6b9c319b-f12a-4f8b-ab72-d382cbc791fe,Yes,Documentation required to support the loan agreement and repayment schedule. The deduction is allowable under s 8-1 ITAA 1997 as it is incurred in gai
89,FY2022-23,2023-03-09,St George,1068.21,1068.21,s 8-1 ITAA 1997 - general deduction,Finance Costs,90,9555f0b7-5a9e-426a-9d7a-d7d8f79e30ac,Yes,Requires loan agreement and repayment schedule to verify deductibility of interest component. The principal component of the loan repayment is not ded
90,FY2022-23,2022-07-11,St George,1068.21,1068.21,s 8-1 ITAA 1997 - general deduction,Finance Costs,90,0f6c22f2-d515-4b39-adb5-e05b1602c197,Yes,Requires loan agreement and repayment schedule to verify deductibility of interest component. The principal component of the loan repayment is not ded
91,FY2022-23,2023-05-09,St George,1068.21,1068.21,Section 8-1 ITAA 1997 - general deduction,Finance Costs,95,2d2c2d48-06aa-4446-9716-cb5667b02ae9,Yes,Maintain loan documentation to support the deduction. s 8-1 ITAA 1997 allows a deduction for losses and outgoings to the extent they are incurred in g
92,FY2022-23,2023-05-09,St George,1068.21,1068.21,Section 8-1 ITAA 1997 - general deduction,Finance Costs,90,8218e336-7bf6-4497-addc-7d42004fa94f,Yes,Documentation required to support the loan and its purpose to ensure deductibility under s 8-1 ITAA 1997. The expense is deductible to the extent it w
93,FY2024-25,2025-01-09,St George,1068.21,1068.21,Section 8-1 ITAA 1997 - general deduction,Finance Costs,90,476dab97-9234-4449-88df-2a1994c77600,Yes,Requires loan agreement and repayment schedule to verify deductibility of interest component. s 8-1 ITAA 1997 allows a deduction for losses and outgoi
94,FY2024-25,2024-11-11,St George,1068.21,1068.21,Section 8-1 ITAA 1997 - general deduction,Loan Repayment,95,4b0f1193-c9d5-4dc6-b3d5-f70dc90f584c,Yes,
95,FY2024-25,2024-07-09,St George,1068.21,1068.21,Section 8-1 ITAA 1997 - general deduction,Finance Costs,90,aca32ff7-03f1-4462-8fb0-6f645eb59462,Yes,Requires loan agreement and repayment schedule to verify deductibility of interest component. The principal component of the loan repayment is not ded
96,FY2023-24,2024-06-10,St George,1068.21,1068.21,Section 8-1 ITAA 1997 - general deduction,Finance Costs,95,6cef8b28-bb16-4b12-a75e-a36d5e1a22ae,Yes,
97,FY2024-25,2025-02-10,St George,1068.21,1068.21,Section 8-1 ITAA 1997 - general deduction,Finance Costs,95,007adcb7-54ea-46f9-8b17-f4d3251377be,Yes,
98,FY2024-25,2024-12-09,St George,1068.21,1068.21,s 8-1 ITAA 1997 - general deduction,Finance Costs,90,9a0ad93b-18ad-47e9-973d-f5dcc4eed8d7,Yes,Requires loan agreement and repayment schedule to verify deductibility of interest component. The principal component of the loan repayment is not ded
99,FY2023-24,2024-04-09,St George,1068.21,1068.21,Section 8-1 ITAA 1997 - general deduction,Finance Costs,95,439eee39-3600-4da8-a9df-8223297214ec,Yes,Maintain loan documentation to support the deduction. s 8-1 ITAA 1997 allows a deduction for expenses incurred in gaining or producing assessable inco
100,FY2023-24,2024-05-09,St George,1068.21,1068.21,Section 8-1 ITAA 1997 - general deduction,Finance Costs,90,4e0f376b-c049-4395-9115-c948f9144037,Yes,Deductible under s 8-1 ITAA 1997 if the loan was used for income-producing purposes. Documentation required to support the purpose of the loan.
101,FY2023-24,2023-07-10,St George,1068.21,1068.21,Section 8-1 ITAA 1997 - general deduction,Loan Repayment,90,6e9a5c6c-11b7-4249-9af7-d004500b89a1,Yes,
102,FY2023-24,2023-12-11,St George,1068.21,1068.21,Section 8-1 ITAA 1997 - general deduction,Finance Costs,90,bdbb8081-97ff-42ae-bb89-aeab4cffc21c,Yes,
103,FY2022-23,2022-11-09,St George,1068.21,1068.21,Section 8-1 ITAA 1997 - general deduction,Finance Costs,90,199a4bb9-f125-4e69-9089-ca63702ec9d9,Yes,
104,FY2022-23,2023-04-11,St George,1068.21,1068.21,Section 8-1 ITAA 1997 - general deduction,Finance Costs,95,25563330-9ac3-4fd3-90c0-1fde49660e81,Yes,Requires loan agreement and repayment schedule to verify deductibility of interest component. The principal portion of the loan repayment is not deduc
105,FY2022-23,2022-09-09,St George,1068.21,1068.21,Section 8-1 ITAA 1997 - general deduction,Finance Costs,90,200bfbab-fd15-4ed3-a76c-5645513e18cc,Yes,Requires loan agreement and repayment schedule to verify deductibility under s 8-1 ITAA 1997. The expense must be incurred in gaining or producing ass
106,FY2024-25,2024-10-09,St George,1068.21,1068.21,Section 8-1 ITAA 1997 - general deduction,Finance Costs,95,1f5aac0b-a429-4df1-b146-24562a4188a4,Yes,Requires loan agreement and repayment schedule to verify deductibility under s 8-1 ITAA 1997. The expense is deductible to the extent it is incurred i
107,FY2023-24,2024-01-09,St George,1068.21,1068.21,s 8-1 ITAA 1997 - general deduction,Finance Costs,95,e8fb26dd-657c-4535-adcc-4da9934ac86d,Yes,Requires loan agreement and repayment schedule to verify deductibility under s 8-1 ITAA 1997. The expense must be incurred in gaining or producing ass
108,FY2022-23,2023-01-09,St George,1068.21,1068.21,Section 8-1 ITAA 1997 - general deduction,Loan Repayment,95,abc6792e-faa1-4ad4-a139-a0a27799fded,Yes,Requires loan agreement and repayment schedule to verify the nature of the loan and ensure it is for business purposes. s 8-1 ITAA 1997 allows a deduc
109,FY2023-24,2023-10-09,St George,1068.21,1068.21,Section 8-1 ITAA 1997 - general deduction,Finance Costs,95,8775b97d-f925-4602-afc5-ed17d3850705,Yes,Requires loan agreement and repayment schedule to verify deductibility of interest component. s 8-1 ITAA 1997 allows a deduction for losses and outgoi
110,FY2022-23,2022-10-10,St George,1068.21,1068.21,Section 8-1 ITAA 1997 - general deduction,Finance Costs,95,a4964734-a331-4aa3-89d2-dd47a3d7a21c,Yes,Requires loan agreement and repayment schedule to verify deductibility of interest component. The principal component of the loan repayment is not ded
111,FY2023-24,2023-11-09,St George,1068.21,1068.21,Section 8-1 ITAA 1997 - general deduction,Finance Costs,95,05ce4e0d-1d77-4ca6-acef-b4fbff46708b,Yes,
112,FY2023-24,2023-08-09,St George,1068.21,1068.21,s 8-1 ITAA 1997 - general deduction,Finance Costs,95,d8270062-f40c-4170-bec5-a9666a7616f1,Yes,Requires loan agreement and repayment schedule to verify deductibility under s 8-1 ITAA 1997. The expense is deductible to the extent it is incurred i
113,FY2022-23,2022-08-09,St George,1068.21,1068.21,Section 8-1 ITAA 1997 - general deduction,Finance Costs,95,f423513d-79af-457e-9a0e-010b638b9cd8,Yes,
114,FY2022-23,2022-09-27,Metro,1059.71,1059.71,Section 8-1 ITAA 1997 - general deduction,Loan Repayment,95,66b54ae7-aee4-4849-9ee4-342b85748ac4,Yes,Requires documentation to verify the nature of the loan and its purpose to ensure deductibility under s 8-1 ITAA 1997. The expense is deductible to th
115,FY2022-23,2022-08-29,Metro,1059.71,1059.71,Section 8-1 ITAA 1997 - general deduction,Loan Repayment,95,8e3a7908-ad4a-4e9c-ad3e-b3624ab12604,Yes,
116,FY2023-24,2023-11-27,Disaster Recovery QLD Pty Ltd,1045.21,1045.21,Section 8-1 ITAA 1997 - general deduction,Management Fees,95,a2dd2103-1c14-46e5-8183-8103a45acb8c,Yes,Ensure invoice and supporting documentation are retained to substantiate the management fee expense. s 8-1 ITAA 1997 allows a deduction for expenses i
117,FY2022-23,2022-11-07,WESTPAC BANKING CORPORATION,857.48,857.48,Section 8-1 ITAA 1997 - general deduction,Finance Costs,95,47f98140-a759-432a-8d95-24e777855a62,Yes,Requires loan agreement and repayment schedule to verify deductibility under s 8-1 ITAA 1997. The expense is deductible because it is incurred in gain
118,FY2022-23,2022-07-07,WESTPAC BANKING CORPORATION,857.48,857.48,Section 8-1 ITAA 1997 - general deduction,Financial Services,90,f9f872a8-7e55-451d-a5ee-0b0ecbfe21e2,Yes,Requires documentation to support the loan and its purpose to ensure deductibility under s 8-1 ITAA 1997.
119,FY2022-23,2022-12-07,WESTPAC BANKING CORPORATION,857.48,857.48,Section 8-1 ITAA 1997 - general deduction,Finance Costs,95,2fcc114c-5b2f-4738-9e75-ace630bdfa6b,Yes,Documentation required to support the deduction of interest expense. s 8-1 ITAA 1997 - general deduction allows for the deduction of expenses to the e
120,FY2022-23,2022-10-10,WESTPAC BANKING CORPORATION,857.48,857.48,Section 8-1 ITAA 1997 - general deduction,Finance Costs,90,1819a419-00b1-4fed-b519-bd1d739add26,Yes,Deductible under s 8-1 ITAA 1997 as it is a cost incurred in gaining or producing assessable income. Documentation required to substantiate the expens
121,FY2022-23,2022-08-08,WESTPAC BANKING CORPORATION,857.48,857.48,Section 8-1 ITAA 1997 - general deduction,Finance Costs,90,46865ccf-78db-4f5d-a7cf-13a02c016440,Yes,Requires loan agreement and bank statements to verify the interest expense. s 8-1 ITAA 1997 allows a deduction for losses and outgoings to the extent 
122,FY2022-23,2022-11-14,Westpac Bank,845,845,Section 8-1 ITAA 1997 - general deduction,Finance Costs,95,4b02436c-41d8-48f1-a7e9-88ba27d5428c,Yes,Requires loan agreement and bank statements to verify the principal payment and associated interest. The deductibility of the principal payment itself
123,FY2023-24,2024-06-11,St George,833.39,833.39,Section 8-1 ITAA 1997 - general deduction,Finance Costs,90,23c7f8f0-1d68-488d-b5c4-4ca7f688f602,Yes,Requires loan agreement and repayment schedule to verify deductibility of interest component. The principal repayment is not deductible. Only the inte
124,FY2023-24,2023-09-11,St George,833.39,833.39,Section 8-1 ITAA 1997 - general deduction,Finance Costs,90,7be69e7e-3d32-4e76-a487-27f2851c12a9,Yes,Requires loan agreement to verify interest component. The interest component of the loan repayment is deductible under s 8-1 ITAA 1997 as it is incurr
125,FY2023-24,2023-11-13,St George,833.39,833.39,Section 8-1 ITAA 1997 - general deduction,Finance Costs,95,247efeef-7f96-406d-b393-debf8cdf9f09,Yes,Documentation required to verify the loan purpose and terms. s 8-1 ITAA 1997 allows a deduction for expenses incurred in gaining or producing assessab
126,FY2022-23,2022-12-12,St George,833.39,833.39,Section 8-1 ITAA 1997 - general deduction,Finance Costs,95,45e4bc36-d28e-42ca-a73c-afab9d853511,Yes,Documentation required to support the loan agreement and repayment schedule. s 8-1 ITAA 1997 - general deduction: The repayment of a loan is generally
127,FY2022-23,2022-11-11,St George,833.39,833.39,Section 8-1 ITAA 1997 - general deduction,Finance Costs,95,6fb65c35-30c0-4302-b310-c585f69bf1cd,Yes,
128,FY2022-23,2023-05-11,St George,833.39,833.39,s 8-1 ITAA 1997 - general deduction,Finance Costs,90,e411f482-4473-4b55-8c8d-b8a3328f997b,Yes,Requires loan agreement and repayment schedule to verify deductibility of interest component. The principal repayment is not deductible.
129,FY2022-23,2023-03-13,St George,833.39,833.39,Section 8-1 ITAA 1997 - general deduction,Finance Costs,95,7c2f4c94-d37f-41df-810c-10f28da40ac4,Yes,Documentation required to support the loan and repayment schedule.
130,FY2022-23,2023-04-11,St George,833.39,833.39,Section 8-1 ITAA 1997 - general deduction,Finance Costs,95,9ba91dfe-64cd-476c-a6c8-f59937c45621,Yes,Requires loan agreement and repayment schedule to verify deductibility under s 8-1 ITAA 1997. The expense is deductible to the extent it is incurred i
131,FY2024-25,2025-02-11,St George,833.39,833.39,Section 8-1 ITAA 1997 - general deduction,Finance Costs,90,b0a8a657-74bf-4653-9416-1546038b6903,Yes,Requires loan agreement and repayment schedule to verify deductibility of interest component. The principal repayment is not deductible.
132,FY2024-25,2024-11-11,St George,833.39,833.39,Section 8-1 ITAA 1997 - general deduction,Finance Costs,95,42df71f2-f8e7-4b96-9aea-b9d31da3555c,Yes,
133,FY2024-25,2024-09-11,St George,833.39,833.39,Section 8-1 ITAA 1997 - general deduction,Finance Costs,95,a908fa15-eb9b-4dc2-9ae3-1731c87f4e8d,Yes,
134,FY2024-25,2024-07-11,St George,833.39,833.39,s 8-1 ITAA 1997 - general deduction,Finance,90,488f6a37-f66f-48df-89c5-b3c96db93f49,Yes,Requires loan agreement and repayment schedule to verify deductibility under s 8-1 ITAA 1997. The expense is deductible to the extent it relates to in
135,FY2023-24,2024-05-13,St George,833.39,833.39,Section 8-1 ITAA 1997 - general deduction,Finance Costs,90,95b14b9b-90c3-4200-b3ba-08f1320593e8,Yes,Requires loan agreement and repayment schedule to verify the nature of the repayment. s 8-1 ITAA 1997 allows a deduction for expenses incurred in gain
136,FY2023-24,2024-01-11,St George,833.39,833.39,Section 8-1 ITAA 1997 - general deduction,Finance Costs,90,5d5719be-6f37-416b-b822-262bb371c67e,Yes,
137,FY2022-23,2023-02-13,St George,833.39,833.39,Section 8-1 ITAA 1997 - general deduction,Finance Costs,95,f145cdad-5fe6-41fb-a3ee-49c99334f3f7,Yes,Requires loan agreement and repayment schedule to verify deductibility under s 8-1 ITAA 1997. The expense is deductible because it is incurred in gain
138,FY2023-24,2024-03-11,St George,833.39,833.39,Section 8-1 ITAA 1997 - general deduction,Finance Costs,95,1680c1c5-f301-4f81-b748-f67f4bb9d9cd,Yes,Requires loan agreement and repayment schedule to verify deductibility of interest component under s 8-1 ITAA 1997.
139,FY2023-24,2023-10-11,St George,833.39,833.39,Section 8-1 ITAA 1997 - general deduction,Finance Costs,90,7922f57e-f3d7-4095-83a7-252cb14ebdbd,Yes,Requires loan agreement and repayment schedule to verify deductibility of interest component. The principal repayment is not deductible. Only the inte
140,FY2022-23,2022-09-12,St George,833.39,833.39,Section 8-1 ITAA 1997 - general deduction,Finance Costs,90,c73c0e18-d7f2-40b1-9e22-0e67e3f0ff48,Yes,Deductible under s 8-1 ITAA 1997 as a general deduction if the loan was used for income-producing purposes. Documentation required to verify the purpo
141,FY2022-23,2023-06-12,St George,833.39,833.39,Section 8-1 ITAA 1997 - general deduction,Finance Costs,95,c3373ff1-db92-46ab-a618-3f6cccef9eb1,Yes,Requires loan agreement and repayment schedule to verify deductibility under s 8-1 ITAA 1997. The repayment must be for a loan used to generate assess
142,FY2022-23,2022-10-11,St George,833.39,833.39,Section 8-1 ITAA 1997 - general deduction,Finance Costs,95,545d086c-5bcc-4e52-89e4-a8d284955b5d,Yes,Documentation required to support the loan and its purpose. The deduction is allowable under s 8-1 ITAA 1997 as it is incurred in gaining or producing
143,FY2022-23,2022-08-11,St George,833.39,833.39,Section 8-1 ITAA 1997 - general deduction,Finance Costs,90,8d150fa4-825a-4096-a680-6d44c7229df7,Yes,Requires loan agreement and repayment schedule to verify deductibility under s 8-1 ITAA 1997. The expense is deductible to the extent it is incurred i
144,FY2024-25,2024-12-11,St George,833.39,833.39,s 8-1 ITAA 1997 - general deduction,Finance Costs,90,6bd4f9f6-255c-49d8-b245-660665ec3b43,Yes,Requires loan agreement and repayment schedule to verify deductibility of interest component. The principal repayment is not deductible. Only the inte
145,FY2023-24,2023-07-11,St George,833.39,833.39,Section 8-1 ITAA 1997 - general deduction,Finance Costs,90,fd4d21a2-07fc-4a2b-8078-f0079854a4c4,Yes,Requires loan agreement and repayment schedule to verify deductibility under s 8-1 ITAA 1997. The expense is deductible to the extent it is incurred i
146,FY2023-24,2023-08-11,St George,833.39,833.39,Section 8-1 ITAA 1997 - general deduction,Finance Costs,95,e2158f7b-618c-49b2-86ac-e1acb269030b,Yes,
147,FY2023-24,2023-12-11,St George,833.39,833.39,Section 8-1 ITAA 1997 - general deduction,Finance Costs,90,5eae6d9c-f5d7-4718-90e2-1633a9c66d27,Yes,Requires loan agreement and repayment schedule to verify deductibility of interest component. The principal repayment is not deductible. Only the inte
148,FY2023-24,2024-04-11,St George,833.39,833.39,Section 8-1 ITAA 1997 - general deduction,Finance Costs,90,3faeb33d-dcd4-4b99-894a-e83df540e3a3,Yes,
149,FY2023-24,2024-02-12,St George,833.39,833.39,Section 8-1 ITAA 1997 - general deduction,Finance Costs,90,b0086bd6-8955-4d53-a78d-08facd3245c0,Yes,Requires loan agreement and repayment schedule to verify deductibility of interest component. The principal repayment is not deductible. Only the inte
150,FY2022-23,2022-07-11,St George,833.39,833.39,Section 8-1 ITAA 1997 - general deduction,Finance Costs,90,f57d75c0-8e37-49d4-97e1-16b6f896b262,Yes,Requires loan agreement and repayment schedule to verify deductibility of interest component. The principal repayment is not deductible. s 8-1 ITAA 19
151,FY2024-25,2024-08-12,St George,833.39,833.39,Section 8-1 ITAA 1997 - general deduction,Finance Costs,90,1b582a6e-8a40-4d58-84f4-1426f6de6247,Yes,Requires loan agreement and repayment schedule to verify deductibility of interest component. The principal repayment is not deductible. s 8-1 ITAA 19
152,FY2024-25,2025-01-13,St George,833.39,833.39,Section 8-1 ITAA 1997 - general deduction,Finance Costs,90,2d28924f-e3bd-46fa-b912-5efa454ee0ce,Yes,
153,FY2024-25,2024-10-11,St George,833.39,833.39,s 8-1 ITAA 1997 - general deduction,Finance Costs,90,c79dbfff-1e27-4a29-9581-7d9af1d8f7dc,Yes,Requires loan agreement and repayment schedule to verify deductibility of interest component. The principal repayment is not deductible. Only the inte
154,FY2022-23,2022-12-29,Westpac Bank,795.45,795.45,Section 8-1 ITAA 1997 - general deduction,Finance Costs,90,48b11d23-f9b6-4e6f-ae69-a773750e60cc,Yes,Requires documentation to support the loan and its purpose to ensure deductibility under s 8-1 ITAA 1997. The expense is deductible to the extent it w
155,FY2022-23,2022-08-29,Westpac Bank,795.45,795.45,Section 8-1 ITAA 1997,Finance Costs,90,11c549a1-f927-48ec-a7d7-c99660cf5bdc,Yes,Requires loan agreement and bank statements to verify the principal payment. s 8-1 ITAA 1997 - general deduction: This expense is deductible as it rel
156,FY2022-23,2022-10-27,Westpac Bank,795.45,795.45,s 8-1 ITAA 1997 - general deduction,Finance Costs,90,63f69727-4d2f-4089-988e-0044c29b51f3,Yes,
157,FY2022-23,2022-07-27,Westpac Bank,795.45,795.45,Section 8-1 ITAA 1997 - general deduction,Finance Costs,90,10489f8c-2174-4be6-af0e-fe4f6ceccbc1,Yes,Requires loan agreement and bank statements to verify the principal payment and associated interest. s 8-1 ITAA 1997 allows a deduction for losses and
158,FY2022-23,2022-08-15,WESTPAC BANKING CORPORATION,679.91,679.91,Section 8-1 ITAA 1997 - general deduction,Finance Costs,95,07a233b4-0ffb-47b2-8bb8-a5499bd63d82,Yes,Requires loan agreement and repayment schedule to verify deductibility under s 8-1 ITAA 1997. The expense is deductible to the extent it is incurred i
159,FY2022-23,2022-10-12,WESTPAC BANKING CORPORATION,679.91,679.91,Section 8-1 ITAA 1997 - general deduction,Finance Costs,90,40b605f0-3384-4ed8-9ee5-c4348316aa60,Yes,Requires documentation to support the loan and its purpose to ensure deductibility under s 8-1 ITAA 1997.
160,FY2022-23,2023-02-13,WESTPAC BANKING CORPORATION,679.91,679.91,s 8-1 ITAA 1997 - general deduction,Finance Costs,90,f2f70e68-aae0-43b4-87ea-ebc06c02966d,Yes,Documentation required to support the loan agreement and repayment schedule.
161,FY2022-23,2022-07-12,WESTPAC BANKING CORPORATION,679.91,679.91,Section 8-1 ITAA 1997 - general deduction,Finance Costs,90,f3c8f987-ee9b-4e68-a946-45167b4b24d2,Yes,Requires loan agreement and repayment schedule to verify deductibility of interest component. s 8-1 ITAA 1997 allows a deduction for losses and outgoi
162,FY2022-23,2022-12-12,WESTPAC BANKING CORPORATION,679.91,679.91,Section 8-1 ITAA 1997 - general deduction,Finance Costs,90,a282de9a-9df1-4e18-95d2-f4f2aebc3643,Yes,Deductible under s 8-1 ITAA 1997 as it is an expense incurred in gaining or producing assessable income. Documentation required to substantiate the ex
163,FY2022-23,2023-01-12,WESTPAC BANKING CORPORATION,679.91,679.91,Section 8-1 ITAA 1997 - general deduction,Finance Costs,95,f4fad052-ff21-4842-b130-c30a4468f2c4,Yes,"Requires documentation to support the loan and its purpose. The principal portion of a loan is not deductible, but the interest component is deductibl"
164,FY2024-25,2024-10-29,Australian Taxation Office,557,557,Section 8-1 ITAA 1997 - general deduction,Tax,95,267639c3-6017-427f-9e2a-571930519495,Yes,Requires Activity Statement and proof of payment for substantiation.
